track_id,class,fit_status,fit_method,n_points,n_used,A,B,C,initial_velocity,acceleration,deceleration,apex_time,apex_height,rmse,r2,apex_inside_window,n_trimmed,n_outliers_removed
0,D,accepted,robust,10.0,10.0,-1.0441730175754524,0.2977484618692416,8.670516197797802,0.2977484618692416,-2.088346035150905,2.088346035150905,0.14257620952541333,8.691742121340472,0.13113921124739536,0.9816059582603555,True,0.0,0.0
1,A,accepted,direct,10.0,10.0,-0.8845571514216688,0.2806171144667028,8.776488511371335,0.2806171144667028,-1.7691143028433376,1.7691143028433376,0.15862011517045124,8.798744270879089,0.015176041214479857,0.9996367372970734,True,0.0,0.0
3,C,accepted,trimmed,20.0,20.0,-1.0327909604859775,3.7233121451247064,5.668566110798941,3.7233121451247064,-2.065581920971955,2.065581920971955,1.8025487671642237,9.024291969280002,0.3270364782135727,0.9446349297007498,True,0.0,0.0
4,C,accepted,trimmed,19.0,18.0,-1.5189985248770426,5.887415929750186,4.279733548889168,5.887415929750186,-3.037997049754085,3.037997049754085,1.9379268094505724,9.984424133213794,0.07797857498731957,0.997452593530467,True,1.0,0.0
5,B,accepted,truncated,6.0,6.0,0.486617843304558,-2.3964412021414807,8.518261771746108,-2.3964412021414807,0.973235686609116,-0.973235686609116,2.4623441527211196,5.567830281029584,0.11724803975000768,0.9740656087862823,False,0.0,0.0
6,A,accepted,direct,12.0,12.0,-1.3302401157106205,0.5727939675178624,10.325580928703134,0.5727939675178624,-2.660480231421241,2.660480231421241,0.21529720865915744,10.387241399874835,0.03766996860123204,0.9995201261268667,True,0.0,0.0
7,A,accepted,direct,13.0,13.0,-1.1699057710405474,2.391403202476601,7.057918128268193,2.391403202476601,-2.3398115420810948,2.3398115420810948,1.0220494939304468,8.279984344705623,0.04449100562616568,0.995463103851501,True,0.0,0.0
8,A,accepted,direct,10.0,10.0,-1.6568332829116938,1.5218378622977755,8.378087047758106,1.5218378622977755,-3.3136665658233877,3.3136665658233877,0.45926101255743745,8.727547446551666,0.021447569602834535,0.9995086680089568,True,0.0,0.0
9,B,accepted,truncated,6.0,6.0,-1.1165880675611313,0.26567314736658426,6.450093980225862,0.26567314736658426,-2.2331761351222625,2.2331761351222625,0.11896649941229966,6.465897082390887,0.04414308577253777,0.9802836841573704,True,0.0,0.0
10,B,accepted,truncated,6.0,6.0,1.7769246080090078,-4.352380993971367,8.450054721183367,-4.352380993971367,3.5538492160180155,-3.5538492160180155,1.2246948954261156,5.784885328050179,0.10191600853543556,0.9884354280559059,True,0.0,0.0
11,A,accepted,direct,11.0,11.0,-1.4699826777981522,1.1699937519927066,8.626474808289357,1.1699937519927066,-2.9399653555963043,2.9399653555963043,0.39796174800685713,8.859281187639416,0.004159887341570777,0.9999886363260652,True,0.0,0.0
12,A,accepted,direct,10.0,10.0,-1.2081745963540156,0.23699072671830565,8.191414931397714,0.23699072671830565,-2.416349192708031,2.416349192708031,0.09807801266203058,8.203036721145645,0.07407463132340227,0.9959886008204191,True,0.0,0.0
13,E,rejected,,,,,,,,,,,,,,,,
14,E,rejected,,,,,,,,,,,,,,,,
15,C,accepted,trimmed,15.0,15.0,-0.9140278593007881,1.9736378158845458,7.241108193061438,1.9736378158845458,-1.8280557186015762,1.8280557186015762,1.0796376695751575,8.306515059124935,0.31035799228213157,0.8951627708632544,True,0.0,0.0
16,B,accepted,truncated,9.0,9.0,-1.1574619097025687,-0.5643797927322727,9.493156744023674,-0.5643797927322727,-2.3149238194051374,2.3149238194051374,-0.24380058989470355,9.561954807220063,0.07275842699494309,0.9967634488620429,False,0.0,0.0
17,A,accepted,direct,10.0,10.0,-1.3097801662320607,2.598740819217714,6.00191236472632,2.598740819217714,-2.6195603324641215,2.6195603324641215,0.9920522871764426,7.290955751468178,0.007945361476902736,0.9996154868447239,True,0.0,0.0
18,B,accepted,truncated,5.0,5.0,-1.3101071320390847,-1.2021123107399758,8.215409471643097,-1.2021123107399758,-2.6202142640781694,2.6202142640781694,-0.458783973211785,8.49116440272714,0.030055775492680268,0.9978162512957205,False,0.0,0.0
19,D,accepted,robust,15.0,15.0,-0.879501941504628,2.97834699526216,5.031015483262736,2.97834699526216,-1.759003883009256,1.759003883009256,1.693200921288977,7.552485421410808,0.18329146042965613,0.9413251656086039,True,0.0,0.0
20,A,accepted,direct,5.0,5.0,-1.8114563087744995,0.695588043062561,6.610387554891193,0.695588043062561,-3.622912617548999,3.622912617548999,0.19199691422122833,6.67716293380979,0.005094813763547371,0.9995685135088744,True,0.0,0.0
21,D,accepted,robust,19.0,19.0,-1.1756056827308135,3.963249492467699,6.701362984262685,3.963249492467699,-2.351211365461627,2.351211365461627,1.685620251197438,10.041629786788446,0.10020238818970602,0.9940080900463122,True,0.0,0.0
22,C,accepted,trimmed,19.0,18.0,-1.3114631945719673,4.49281400048445,6.56969150243954,4.49281400048445,-2.6229263891439345,2.6229263891439345,1.7129012918852082,10.417564955254424,0.1536739999709126,0.987524001508455,True,1.0,0.0
23,C,accepted,trimmed,13.0,13.0,-1.2607861265377636,2.5803228016079762,6.759987175415576,2.5803228016079762,-2.521572253075527,2.521572253075527,1.02329917314913,8.08020827008722,0.12755169338628694,0.9686590437175654,True,0.0,0.0
24,D,accepted,robust,17.0,17.0,-0.8988596487351422,3.1568373773240705,4.7100458923481145,3.1568373773240705,-1.7977192974702845,1.7977192974702845,1.7560235247884977,7.4817862416044605,0.18590101894265285,0.9505990959648245,True,0.0,0.0
25,D,accepted,robust,18.0,17.0,-0.8470308007066902,2.695528842167499,6.283898597245139,2.695528842167499,-1.6940616014133805,1.6940616014133805,1.591163414552682,8.428412035509377,0.06482971585911726,0.9939217016979537,True,0.0,1.0
26,D,accepted,robust,19.0,19.0,-0.6419653713259721,2.532020585112531,5.851423949865509,2.532020585112531,-1.2839307426519442,1.2839307426519442,1.9720850206317762,8.348103883781373,0.424623659246004,0.8884671406246771,True,0.0,0.0
27,C,accepted,trimmed,11.0,11.0,-0.7376989292595321,1.960988420572017,6.202426120794271,1.960988420572017,-1.4753978585190641,1.4753978585190641,1.3291251639339954,7.505625648776995,0.04909148164888408,0.9853626428755679,True,0.0,0.0
28,D,accepted,robust,16.0,16.0,-0.549833533348325,1.2814479727536554,6.820799366163522,1.2814479727536554,-1.09966706669665,1.09966706669665,1.1653054015731026,7.56743848840589,0.19125957669689903,0.8872406581472573,True,0.0,0.0
29,E,rejected,,,,,,,,,,,,,,,,
30,E,rejected,,,,,,,,,,,,,,,,
32,A,accepted,direct,13.0,13.0,-1.4098742765348127,2.015942526371494,7.452301781262383,2.015942526371494,-2.8197485530696254,2.8197485530696254,0.7149369840714717,8.172937716195113,0.06901013472718759,0.9969119189737476,True,0.0,0.0
33,A,accepted,direct,8.0,8.0,-1.4748128000152063,0.9672197590636933,7.701868470169908,0.9672197590636933,-2.9496256000304126,2.9496256000304126,0.32791272189043946,7.860450302100303,0.011236561586435025,0.9996128867511629,True,0.0,0.0
34,B,accepted,truncated,6.0,6.0,-1.5357886615786578,-2.056373858495642,8.099451524386678,-2.056373858495642,-3.0715773231573156,3.0715773231573156,-0.6694846465339402,8.787806887284972,0.01876022149769526,0.9997698624382377,False,0.0,0.0
35,A,accepted,direct,10.0,10.0,-1.4628710165110097,2.2193662312986953,6.761312693265531,2.2193662312986953,-2.9257420330220194,2.9257420330220194,0.7585652481487906,7.603079741254602,0.029459526281598734,0.9963560561570683,True,0.0,0.0
36,B,accepted,truncated,9.0,9.0,-1.0738376786894233,-0.00251156813292943,8.052002026346171,-0.00251156813292943,-2.1476753573788465,2.1476753573788465,-0.0011694356525069507,8.052003494904831,0.009783592042471157,0.9998877525594468,True,0.0,0.0
37,E,rejected,,,,,,,,,,,,,,,,
38,C,accepted,trimmed,14.0,13.0,-1.1914424184229253,3.03123404251984,5.608723652782322,3.03123404251984,-2.3828848368458506,2.3828848368458506,1.2720858329570761,7.53671859371567,0.031249566106932535,0.9973411170040044,True,1.0,0.0
39,B,accepted,truncated,8.0,8.0,-0.3217491006414292,2.719930410945848,5.638131975396626,2.719930410945848,-0.6434982012828584,0.6434982012828584,4.226787900142499,11.386416450504388,0.14933410293748872,0.9798620107411632,False,0.0,0.0
40,E,rejected,,,,,,,,,,,,,,,,
41,C,accepted,trimmed,11.0,11.0,-0.4478650788110878,0.04825976116500944,7.48964753731907,0.04825976116500944,-0.8957301576221756,0.8957301576221756,0.053877566535351265,7.490947596565644,0.2020818131963713,0.906902614170962,True,0.0,0.0
42,A,accepted,direct,9.0,9.0,-1.3359100748736683,1.6165209215938097,7.60650020448297,1.6165209215938097,-2.6718201497473366,2.6718201497473366,0.6050260986865742,8.095518877801533,0.0108335861275166,0.9993104375269435,True,0.0,0.0
43,A,accepted,direct,17.0,17.0,-1.5049630374241882,4.861440560386727,6.269913239355603,4.861440560386727,-3.0099260748483765,3.0099260748483765,1.6151361991944004,10.19585755401186,0.07703812145213282,0.9964256553544254,True,0.0,0.0
44,C,accepted,trimmed,18.0,17.0,-1.3019654754658165,3.9476668976734484,5.49417767771519,3.9476668976734484,-2.603930950931633,2.603930950931633,1.5160413129468944,8.486590731028114,0.16130064326086072,0.9801187550370611,True,1.0,0.0
45,E,rejected,,,,,,,,,,,,,,,,
46,C,accepted,trimmed,11.0,11.0,-0.8471229563264147,1.0143062816331545,7.3970445715444555,1.0143062816331545,-1.6942459126528293,1.6942459126528293,0.5986771306681014,7.70066555869784,0.23124346394312645,0.8835647208236673,True,0.0,0.0
47,C,accepted,trimmed,10.0,10.0,-0.9379299379632398,0.8130075924445322,7.448286127003105,0.8130075924445322,-1.8758598759264795,1.8758598759264795,0.43340528942386547,7.624467022456717,0.06835704902324063,0.9905655529696009,True,0.0,0.0
48,D,accepted,robust,9.0,9.0,-0.6424165929158915,1.2723139100937095,5.814015899249369,1.2723139100937095,-1.284833185831783,1.284833185831783,0.9902561080487903,6.443974209662237,0.06430317848448568,0.9030887243815887,True,0.0,0.0
49,C,accepted,trimmed,17.0,16.0,-1.1883040567975174,3.0006430065129113,6.676632567824372,3.0006430065129113,-2.3766081135950348,2.3766081135950348,1.2625737450563168,8.570899106979398,0.022305069940160595,0.9995383531578879,True,1.0,0.0
50,A,accepted,direct,9.0,9.0,-1.497792214129194,3.015944606829275,5.856056084837191,3.015944606829275,-2.995584428258388,2.995584428258388,1.0067967300066132,7.374277668855589,0.00611323174043678,0.9998340582970927,True,0.0,0.0
51,A,accepted,direct,8.0,8.0,-1.0525580152025384,2.0607566297676887,6.604543675369977,2.0607566297676887,-2.105116030405077,2.105116030405077,0.9789278120556365,7.613209664748792,0.008450031523562383,0.9993491008083588,True,0.0,0.0
52,C,accepted,trimmed,21.0,21.0,-0.9996584458474078,3.7029538415837053,7.045684055825249,3.7029538415837053,-1.9993168916948156,1.9993168916948156,1.8521095164882648,10.474822080382229,0.2649884357019702,0.9732493040724453,True,0.0,0.0
53,D,accepted,robust,14.0,14.0,-1.247256901187234,2.5367546308121987,7.377924652998854,2.5367546308121987,-2.494513802374468,2.494513802374468,1.0169334915675843,8.667780024979898,0.08844430580842597,0.9907931042664431,True,0.0,0.0
54,A,accepted,direct,8.0,8.0,-1.2078513071391643,1.9335359450761263,6.649379739853653,1.9335359450761263,-2.4157026142783287,2.4157026142783287,0.8004031347433692,7.42318385564261,0.008524641950739872,0.9991754764168747,True,0.0,0.0
55,C,accepted,trimmed,13.0,13.0,-1.0972999997079051,2.782208865526654,6.221388680799038,2.782208865526654,-2.1945999994158103,2.1945999994158103,1.2677521490327448,7.984964314963723,0.06811186961165967,0.985211336397646,True,0.0,0.0
56,C,accepted,trimmed,18.0,17.0,-1.1833996212372782,3.1025191283850884,7.219946882508088,3.1025191283850884,-2.3667992424745563,2.3667992424745563,1.3108501442400817,9.253415705983691,0.06090316641368359,0.9974854475136204,True,1.0,0.0
57,A,accepted,direct,9.0,9.0,-1.3306072663106905,0.5388414615701543,7.23021498088702,0.5388414615701543,-2.661214532621381,2.661214532621381,0.20247952766114588,7.284767163198503,0.0076638288829069855,0.9999238476440977,True,0.0,0.0
58,A,accepted,direct,15.0,15.0,-1.3178024146217793,3.0660961971023575,7.4394336997058135,3.0660961971023575,-2.6356048292435585,2.6356048292435585,1.163336841351271,9.222885032313913,0.038154029102596534,0.9986216248794222,True,0.0,0.0
59,C,accepted,trimmed,18.0,17.0,-1.1993226774635137,3.7388789795943387,6.584785589313519,3.7388789795943387,-2.3986453549270275,2.3986453549270275,1.5587460530229507,9.498767015400094,0.08487932470445543,0.9932417989516373,True,1.0,0.0
60,A,accepted,direct,12.0,12.0,-1.2688093977106758,2.417489228120334,6.8152970057284685,2.417489228120334,-2.5376187954213516,2.5376187954213516,0.9526605148425884,7.966820272072233,0.014740169391501655,0.9993850857874139,True,0.0,0.0
61,E,rejected,,,,,,,,,,,,,,,,
62,B,accepted,truncated,7.0,7.0,-1.378386519911408,4.201483827370505,6.243860298084488,4.201483827370505,-2.756773039822816,2.756773039822816,1.5240586608611582,9.445514205870541,0.013119652090103696,0.99983987493671,False,0.0,0.0
64,E,rejected,,,,,,,,,,,,,,,,
65,D,accepted,robust,17.0,17.0,-1.3976624298604075,3.9990196622075547,6.3635507040495645,3.9990196622075547,-2.795324859720815,2.795324859720815,1.4306099873511515,9.224069438233442,0.11278629502336195,0.9923053607793954,True,0.0,0.0
66,B,accepted,truncated,9.0,9.0,-0.9160786194602885,-0.22639727851182512,8.335679294358203,-0.22639727851182512,-1.832157238920577,1.832157238920577,-0.12356869470723376,8.34966710245369,0.008180181588265384,0.9999173435883502,True,0.0,0.0
68,A,accepted,direct,16.0,16.0,-1.1906782103247389,4.066031094632602,6.576058431240401,4.066031094632602,-2.3813564206494777,2.3813564206494777,1.7074433122966346,10.047317231300703,0.04845321040212416,0.9976973502702317,True,0.0,0.0
69,C,accepted,trimmed,15.0,15.0,-0.9648001260228615,2.194247379098862,6.99506077262514,2.194247379098862,-1.929600252045723,1.929600252045723,1.1371512709809015,8.242656370619532,0.28282618526589315,0.9092112844915042,True,0.0,0.0
70,A,accepted,direct,5.0,5.0,-1.9634252956293436,2.1510006161218445,7.075090476789687,2.1510006161218445,-3.9268505912586873,3.9268505912586873,0.5477673688196975,7.664214450700992,0.014803007061939858,0.9950675303337638,True,0.0,0.0
71,A,accepted,direct,8.0,8.0,-1.6683128129492426,2.8234204985003197,6.619096113281081,2.8234204985003197,-3.336625625898485,3.336625625898485,0.8461903776633707,7.813671742245325,0.012482396773577938,0.9989152727643605,True,0.0,0.0
73,B,accepted,truncated,9.0,9.0,-1.1939578036033867,0.18989185238306477,9.326876824754534,0.18989185238306477,-2.3879156072067733,2.3879156072067733,0.07952201150240304,9.334427115789243,0.048079336425962446,0.9973419986237272,True,0.0,0.0
74,D,accepted,robust,16.0,14.0,-1.0182796239630487,2.6393839473725764,7.460940781349649,2.6393839473725764,-2.0365592479260974,2.0365592479260974,1.296001552648349,9.171263628264644,0.09277918060272827,0.9891032181200137,True,0.0,2.0
75,A,accepted,direct,15.0,15.0,-1.2821566437858807,3.1539632403711133,7.474933749368069,3.1539632403711133,-2.5643132875717614,2.5643132875717614,1.229944584250746,9.414533752578262,0.04010680933240832,0.9981446448689827,True,0.0,0.0
76,A,accepted,direct,10.0,10.0,-1.1236908230994407,2.141746616158296,6.029614277581705,2.141746616158296,-2.2473816461988814,2.2473816461988814,0.9529963990676653,7.050152684038811,0.016465716513903866,0.99757111833247,True,0.0,0.0
79,D,accepted,robust,13.0,13.0,-1.2619522681814503,2.2660893522894865,8.041692961512465,2.2660893522894865,-2.5239045363629007,2.5239045363629007,0.8978506594211596,9.058997871142658,0.06282645848761496,0.9945331601840243,True,0.0,0.0
80,D,accepted,robust,11.0,11.0,-1.1415505733849673,2.4623624471241867,5.996716092738095,2.4623624471241867,-2.2831011467699347,2.2831011467699347,1.0785165828539247,7.324565458848197,0.09744063965812681,0.9486719818987542,True,0.0,0.0
81,A,accepted,direct,7.0,7.0,-1.7675758786435942,2.61284624735469,6.077901460431744,2.61284624735469,-3.5351517572871884,3.5351517572871884,0.7391044081682482,7.043484550074602,0.007664703693355979,0.9994050099763434,True,0.0,0.0
82,A,accepted,direct,7.0,7.0,-1.4965737662154897,1.544800975349924,5.983322522849454,1.544800975349924,-2.9931475324309793,2.9931475324309793,0.5161125399305878,6.381968100387003,0.015681899789863948,0.9953891383676784,True,0.0,0.0
83,E,rejected,,,,,,,,,,,,,,,,
84,B,accepted,truncated,7.0,7.0,-0.7474072691019221,-0.7246194357643349,8.762381040538472,-0.7246194357643349,-1.4948145382038442,1.4948145382038442,-0.48475541095220487,8.93801263672242,0.032088731628107846,0.998387109350366,False,0.0,0.0
85,A,accepted,direct,20.0,20.0,-1.3081200624354177,5.160557043665617,5.0604553775606815,5.160557043665617,-2.6162401248708353,2.6162401248708353,1.972508943123252,10.150077837624742,0.0987786989674767,0.9960351538924391,True,0.0,0.0
87,E,rejected,,,,,,,,,,,,,,,,
88,E,rejected,,,,,,,,,,,,,,,,
89,D,accepted,robust,18.0,18.0,-1.0646101060124573,3.8728101436335147,5.748169567652125,3.8728101436335147,-2.1292202120249146,2.1292202120249146,1.8188866148092895,9.270270833628446,0.12196797997221838,0.9867788596863193,True,0.0,0.0
90,D,accepted,robust,22.0,19.0,-1.3165862918520448,5.749508140485101,4.182314217143503,5.749508140485101,-2.6331725837040896,2.6331725837040896,2.183490811072192,10.459313313610494,0.08137939332678303,0.997213742833552,True,0.0,3.0
92,D,accepted,robust,15.0,15.0,-1.116839513374091,3.0011750272762825,5.880551491805822,3.0011750272762825,-2.233679026748182,2.233679026748182,1.3436017401503881,7.896743486377973,0.07899180639684272,0.9889945473786335,True,0.0,0.0
93,D,accepted,robust,6.0,6.0,-0.5391308419906653,1.6199263000130397,6.201598646775641,1.6199263000130397,-1.0782616839813306,1.0782616839813306,1.5023498693115833,7.418446679335134,0.1472687881304405,0.865176258134923,True,0.0,0.0
94,A,accepted,direct,14.0,14.0,-1.2223349154601224,2.9304304262769247,6.178461816295784,2.9304304262769247,-2.444669830920245,2.444669830920245,1.1987019225307107,7.934818109206104,0.019182156075496636,0.9993153963446415,True,0.0,0.0
96,C,accepted,trimmed,16.0,15.0,-1.276101687835577,3.2543238279714255,7.240368696339937,3.2543238279714255,-2.552203375671154,2.552203375671154,1.2751036453416,9.315168784424134,0.07443983441880783,0.9930558824565956,True,1.0,0.0
97,B,accepted,truncated,5.0,5.0,-1.8220016307543638,3.4545346944379873,5.579042613308028,3.4545346944379873,-3.6440032615087277,3.6440032615087277,0.9480053793935699,7.216501350122495,0.001650912233123808,0.999991837179534,True,0.0,0.0
98,A,accepted,direct,12.0,12.0,-1.3399475937982868,2.881679331657426,6.936254958101291,2.881679331657426,-2.6798951875965735,2.6798951875965735,1.0752955358085552,8.485583418582797,0.013937809244646287,0.9993963205705729,True,0.0,0.0
99,B,accepted,truncated,7.0,7.0,-1.111821187561596,0.28689893632092245,8.588316530097636,0.28689893632092245,-2.223642375123192,2.223642375123192,0.12902206736594862,8.606824677042244,0.012005551278345992,0.9996316670470203,True,0.0,0.0
100,A,accepted,direct,7.0,7.0,-1.851010821975854,2.1544944448323573,6.780443814218903,2.1544944448323573,-3.702021643951708,3.702021643951708,0.5819778088959391,7.407377792359907,0.010418992987567073,0.9983701585341167,True,0.0,0.0
101,A,accepted,direct,12.0,12.0,-1.375463471493804,1.9660258103853463,6.875499815159537,1.9660258103853463,-2.750926942987608,2.750926942987608,0.714677580005149,7.578037099356467,0.026582758339851405,0.9991905218742833,True,0.0,0.0
103,A,accepted,direct,7.0,7.0,-1.2734038593274521,1.2749404235654198,6.684738460685648,1.2749404235654198,-2.5468077186549043,2.5468077186549043,0.5006033295041131,7.003858171163765,0.013411848588396974,0.9956725870628154,True,0.0,0.0
104,E,rejected,,,,,,,,,,,,,,,,
105,A,accepted,direct,8.0,8.0,-1.167941002944306,0.6442143646967409,8.323810069618599,0.6442143646967409,-2.335882005888612,2.335882005888612,0.2757906277255088,8.412644211633351,0.012477403500251448,0.9998460876270356,True,0.0,0.0
106,D,accepted,robust,16.0,16.0,-1.458457844034264,4.215103907414814,6.007923411841763,4.215103907414814,-2.916915688068528,2.916915688068528,1.4450551055200016,9.053452122695306,0.12620032693007,0.9872867996369578,True,0.0,0.0
107,A,accepted,direct,16.0,16.0,-1.2825221373972902,3.055309854093708,7.265319712545843,3.055309854093708,-2.5650442747945803,2.5650442747945803,1.1911333789115162,9.084960487609987,0.0643715478569986,0.9971948983509229,True,0.0,0.0
109,D,accepted,robust,18.0,18.0,-1.540002466001831,5.424490098587426,6.019910084192239,5.424490098587426,-3.080004932003662,3.080004932003662,1.7611952637551738,10.796703219151745,0.11279669761792586,0.9942943023262224,True,0.0,0.0
110,A,accepted,direct,10.0,10.0,-1.5752269285775196,2.634345737687728,7.20852221448713,2.634345737687728,-3.150453857155039,3.150453857155039,0.836179756038905,8.309915502618056,0.014312703047245813,0.9990820639961155,True,0.0,0.0
111,C,accepted,trimmed,17.0,17.0,-1.0750119766915678,3.2725097556814258,7.281989952546524,3.2725097556814258,-2.1500239533831356,2.1500239533831356,1.5220806031170122,9.772501763863469,0.2523432167028202,0.9443846981521594,True,0.0,0.0
112,A,accepted,direct,14.0,14.0,-1.4206774729697045,3.5446501205100853,5.868811179104022,3.5446501205100853,-2.841354945939409,2.841354945939409,1.2475210552542046,8.079824008526865,0.021936064350390264,0.9992991971566558,True,0.0,0.0
113,C,accepted,trimmed,14.0,13.0,-1.3459922880856472,2.6266157727047434,7.469980729058774,2.6266157727047434,-2.6919845761712944,2.6919845761712944,0.9757172444280783,8.751397881016175,0.012766823628617708,0.9997495125331682,True,1.0,0.0
114,C,accepted,trimmed,17.0,16.0,-1.2384195499160724,3.107547885597126,6.435828088151115,3.107547885597126,-2.476839099832145,2.476839099832145,1.2546426151814725,8.385259091144732,0.053416575181929285,0.9976078596591966,True,1.0,0.0
115,A,accepted,direct,13.0,13.0,-1.4619712279121633,3.200809582738355,5.6324335003470365,3.200809582738355,-2.9239424558243265,2.9239424558243265,1.0946896633901002,7.384380082698865,0.03927841604062242,0.9973458790841112,True,0.0,0.0
116,C,accepted,trimmed,19.0,18.0,-1.1271851894898628,3.864790099477825,6.305153743301947,3.864790099477825,-2.2543703789797256,2.2543703789797256,1.7143545424097246,9.617963974551916,0.021670511623385513,0.9995982528214246,True,1.0,0.0
118,A,accepted,direct,16.0,16.0,-1.216749722775066,4.021026093800384,6.294182590467488,4.021026093800384,-2.433499445550132,2.433499445550132,1.6523636778110569,9.616281322930604,0.03962927439347175,0.9983709986689513,True,0.0,0.0
120,A,accepted,direct,17.0,17.0,-1.4377067798180896,4.694950873248577,7.540929119819992,4.694950873248577,-2.875413559636179,2.875413559636179,1.6327915188111655,11.373867103357668,0.059052239064529596,0.9977059794622817,True,0.0,0.0
121,A,accepted,direct,18.0,18.0,-1.4062272429830156,5.01704241443761,6.491166913897565,5.01704241443761,-2.812454485966031,2.812454485966031,1.7838661708028811,10.966033034196794,0.09298778166973852,0.9954137693496137,True,0.0,0.0
122,E,rejected,,,,,,,,,,,,,,,,
123,B,accepted,truncated,9.0,9.0,-1.1336684146826552,0.1192157721637536,7.649382607207557,0.1192157721637536,-2.2673368293653104,2.2673368293653104,0.05257964790221546,7.652516768869938,0.00799594526340055,0.9999235467156927,True,0.0,0.0
125,C,accepted,trimmed,13.0,13.0,-1.050675860925119,1.6530182252012178,7.072041233185916,1.6530182252012178,-2.101351721850238,2.101351721850238,0.7866451903376447,7.7222106513834206,0.06908519679908874,0.9931746901146229,True,0.0,0.0
126,D,accepted,robust,25.0,23.0,-1.4132241902310003,6.639282515637895,4.8570386925472055,6.639282515637895,-2.8264483804620006,2.8264483804620006,2.348984174461613,12.654823472053755,0.12670313576868464,0.9969417295419492,True,0.0,2.0
127,B,accepted,truncated,7.0,7.0,-1.3790949783874173,0.3618715567289366,9.546031502971017,0.3618715567289366,-2.7581899567748347,2.7581899567748347,0.13119892480214626,9.569770082550674,0.012866129753437604,0.9994558127867106,True,0.0,0.0
128,A,accepted,direct,11.0,11.0,-1.464219126269265,2.7715697483283743,6.624732493891762,2.7715697483283743,-2.92843825253853,2.92843825253853,0.9464327089450585,7.936284626362061,0.023941075366523793,0.9979380692519829,True,0.0,0.0
129,C,accepted,trimmed,18.0,17.0,-1.3281620272965255,4.134093743164497,6.082440876460901,4.134093743164497,-2.656324054593051,2.656324054593051,1.5563213140415733,9.299429979827309,0.051846940836489726,0.9979364134771112,True,1.0,0.0
130,A,accepted,direct,10.0,10.0,-1.0829818626287395,1.7383972809984993,6.714033316871706,1.7383972809984993,-2.165963725257479,2.165963725257479,0.8025975969619931,7.411650057019036,0.013150453641953035,0.9984822681439324,True,0.0,0.0
131,D,accepted,robust,5.0,5.0,-2.999974718052883,2.883869360234929,5.9619592531524805,2.883869360234929,-5.999949436105766,5.999949436105766,0.48064894395288243,6.655023634399977,0.07578509004490441,0.9113606070422411,True,0.0,0.0
132,D,accepted,robust,16.0,16.0,-0.7569830150756921,2.7262769298934115,5.710293465814367,2.7262769298934115,-1.5139660301513842,1.5139660301513842,1.8007517180691341,8.16496739853327,0.2797053274110538,0.8655228037976684,True,0.0,0.0
133,A,accepted,direct,8.0,8.0,-1.2987125449958998,2.18722225314159,4.950249700858395,2.18722225314159,-2.5974250899917997,2.5974250899917997,0.8420732754023313,5.871150404226298,0.0035527491297339853,0.9998519951831027,True,0.0,0.0
134,E,rejected,,,,,,,,,,,,,,,,
135,D,accepted,robust,12.0,12.0,-1.0573176549377261,2.0029320957156482,6.531112762758519,2.0029320957156482,-2.1146353098754522,2.1146353098754522,0.9471761330957899,7.479677501395216,0.18434600499355203,0.879791750796289,True,0.0,0.0
136,E,rejected,,,,,,,,,,,,,,,,
137,D,accepted,robust,18.0,18.0,-1.2229203209103565,4.152680747015699,5.9169665319543885,4.152680747015699,-2.445840641820713,2.445840641820713,1.697854175783257,9.44228970546206,0.09709774091888962,0.9931853936063229,True,0.0,0.0
138,E,rejected,,,,,,,,,,,,,,,,
140,D,accepted,robust,18.0,18.0,-1.4580705438351627,5.2357254134409965,6.619161349639754,5.2357254134409965,-2.9161410876703253,2.9161410876703253,1.7954293897431974,11.319348991598414,0.1043705953216581,0.9946798004689845,True,0.0,0.0
141,C,accepted,trimmed,13.0,13.0,-0.9318448851530774,1.740966761649737,7.7288482870941015,1.740966761649737,-1.8636897703061548,1.8636897703061548,0.934150516565717,8.542010786953524,0.0961079664103376,0.9743897169453156,True,0.0,0.0
142,A,accepted,direct,13.0,13.0,-1.1731646799240543,3.0340656607024696,6.219924523588528,3.0340656607024696,-2.3463293598481085,2.3463293598481085,1.2931115778642783,8.181617240515925,0.010873245652330764,0.9996769486911886,True,0.0,0.0
143,D,accepted,robust,13.0,13.0,-1.0883695933205308,2.115785313969159,6.998909143833008,2.115785313969159,-2.1767391866410617,2.1767391866410617,0.9719976223858215,8.027178291161439,0.10762920224704839,0.973755644002805,True,0.0,0.0
144,A,accepted,direct,11.0,11.0,-1.2851624042770216,2.102686290639329,6.696682377016476,2.102686290639329,-2.570324808554043,2.570324808554043,0.8180624813025915,7.556746759177152,0.014467796229469353,0.9992875849483899,True,0.0,0.0
145,B,accepted,truncated,6.0,6.0,-1.7720342057899474,5.019737369020985,6.069467686711681,5.019737369020985,-3.544068411579895,3.544068411579895,1.416377108472141,9.62438823672343,0.019699538084192586,0.9996925426946479,False,0.0,0.0
146,E,rejected,,,,,,,,,,,,,,,,
147,D,accepted,robust,17.0,17.0,-0.6111502571730941,1.8283784693319804,6.323655053011902,1.8283784693319804,-1.2223005143461882,1.2223005143461882,1.495850200398537,7.691145202889208,0.09965341727087193,0.9666749498895301,True,0.0,0.0
148,C,accepted,trimmed,16.0,16.0,-1.0842254798894946,3.330899559811133,6.771845221392496,3.330899559811133,-2.168450959778989,2.168450959778989,1.5360732714705347,9.330098113281922,0.2487674432963538,0.9444116837087468,True,0.0,0.0
149,A,accepted,direct,7.0,7.0,-0.8944153803044035,1.9812165968705957,7.573958181524439,1.9812165968705957,-1.788830760608807,1.788830760608807,1.1075483720977117,8.671104789842937,0.024007251953465245,0.9961011884349131,True,0.0,0.0
150,D,accepted,robust,19.0,19.0,-0.9404539170427326,3.167732726017537,6.809032777434999,3.167732726017537,-1.8809078340854652,1.8809078340854652,1.684150955518643,9.476502826110055,0.18166953550627987,0.9700067787678526,True,0.0,0.0
151,E,rejected,,,,,,,,,,,,,,,,
152,C,accepted,trimmed,12.0,12.0,-1.0787830952133717,0.37283451667147555,9.815634176962059,0.37283451667147555,-2.1575661904267434,2.1575661904267434,0.17280328099585807,9.847847690836726,0.11623412359229529,0.9936517475078304,True,0.0,0.0
153,D,accepted,robust,19.0,16.0,-1.30215717702989,4.253213363223415,5.6588481192127205,4.253213363223415,-2.60431435405978,2.60431435405978,1.633141312834689,9.131897347103086,0.029707610341058472,0.9991764355761862,True,0.0,3.0
155,C,accepted,trimmed,20.0,19.0,-1.4672685528995717,4.817579694654086,7.029628742266788,4.817579694654086,-2.9345371057991434,2.9345371057991434,1.6416830051777946,10.984098097668408,0.03820534437725011,0.9994633470154962,True,1.0,0.0
156,C,accepted,trimmed,16.0,16.0,-1.4411604517428784,4.036607551604245,7.6571524483040605,4.036607551604245,-2.882320903485757,2.882320903485757,1.4004712475708527,10.483728855178622,0.12069935661190427,0.9932489631887531,True,0.0,0.0
157,D,accepted,robust,15.0,13.0,-1.629367594025112,4.076299071033224,7.61298264460934,4.076299071033224,-3.258735188050224,3.258735188050224,1.2508838048519577,10.16247089045361,0.08874724099471491,0.9936024742469292,True,0.0,2.0
158,C,accepted,trimmed,15.0,14.0,-1.4146751130864743,3.3453583937484663,6.965710515537372,3.3453583937484663,-2.8293502261729486,2.8293502261729486,1.1823769156614745,8.94344778522864,0.041197546656579105,0.9977055677131157,True,1.0,0.0
159,D,accepted,robust,15.0,15.0,-0.8611624347390281,2.2085915265913876,6.513167386931819,2.2085915265913876,-1.7223248694780562,1.7223248694780562,1.2823315541281666,7.929240689295936,0.43529173935244225,0.8137607189810572,True,0.0,0.0
160,D,accepted,robust,14.0,14.0,-0.7752673107306919,1.152267939343452,8.376162828333966,1.152267939343452,-1.5505346214613838,1.5505346214613838,0.7431423480614937,8.804312379353801,0.09862264257076947,0.9859915509239088,True,0.0,0.0
161,C,accepted,trimmed,11.0,11.0,-0.577954048832064,-0.45735346523673365,7.5678911169514524,-0.45735346523673365,-1.155908097664128,1.155908097664128,-0.3956659410561779,7.658370711560551,0.15669289348803528,0.9778262103916322,True,0.0,0.0
162,C,accepted,trimmed,9.0,9.0,-1.1375243534714201,1.8305487592857996,6.591594089541924,1.8305487592857996,-2.2750487069428402,2.2750487069428402,0.804619590648523,7.328041786221275,0.1726125608418489,0.9036378996736625,True,0.0,0.0
164,A,accepted,direct,9.0,9.0,-1.535066568677399,1.4540224558949506,8.604914898928667,1.4540224558949506,-3.070133137354798,3.070133137354798,0.4736024109846014,8.949229169297467,0.014876721389898113,0.9994425668853778,True,0.0,0.0
165,E,rejected,,,,,,,,,,,,,,,,
167,D,accepted,robust,18.0,17.0,-0.7055087023737797,2.355069318505712,6.527956250265759,2.355069318505712,-1.4110174047475594,1.4110174047475594,1.669057596725428,8.493329418699226,0.3120476876794788,0.9216198292010453,True,0.0,1.0
169,D,accepted,robust,5.0,5.0,-3.325378238691876,4.758478517420166,6.636983918993161,4.758478517420166,-6.650756477383752,6.650756477383752,0.7154792892510231,8.339280332773182,0.21499137199325052,0.903699641614347,True,0.0,0.0
170,D,accepted,robust,21.0,21.0,-1.556627680934472,5.96404787440552,6.522053450217364,5.96404787440552,-3.113255361868944,3.113255361868944,1.9156950462377729,12.234701934479151,0.1813504609911019,0.9933398418914848,True,0.0,0.0
171,D,accepted,robust,9.0,9.0,-2.3189570749441266,2.0344585401841533,7.435923266127194,2.0344585401841533,-4.637914149888253,4.637914149888253,0.43865808517244154,7.882139109927144,0.13802226598032427,0.982069310221239,True,0.0,0.0
172,A,accepted,direct,13.0,13.0,-1.1317097740004156,2.1107565615778863,7.939974227059489,2.1107565615778863,-2.2634195480008312,2.2634195480008312,0.9325520597549912,8.9241694166299,0.01615693672138132,0.999499005183126,True,0.0,0.0
173,D,accepted,robust,11.0,11.0,-0.9991603624950839,2.441969275772776,6.930606321340227,2.441969275772776,-1.9983207249901678,1.9983207249901678,1.2220106838879885,8.422662593700501,0.040533808107073556,0.9919839438336495,True,0.0,0.0
174,A,accepted,direct,10.0,10.0,-1.4012016656011028,4.2517986134798065,6.277978903024326,4.2517986134798065,-2.8024033312022056,2.8024033312022056,1.517197245000356,9.503387474358274,0.01875590848731367,0.9996950164263436,True,0.0,0.0
175,D,accepted,robust,13.0,13.0,-1.1551082891342477,2.2272168509072774,6.840103380643068,2.2272168509072774,-2.3102165782684954,2.3102165782684954,0.9640727505195958,7.913702918371954,0.06080109760402992,0.9925889407725821,True,0.0,0.0
176,E,rejected,,,,,,,,,,,,,,,,
177,B,accepted,truncated,5.0,5.0,-1.2260374564694918,0.178219497946815,7.877132945756511,0.178219497946815,-2.4520749129389836,2.4520749129389836,0.07268109836546814,7.88360954018697,0.009572368658460425,0.99842990516177,True,0.0,0.0
178,E,rejected,,,,,,,,,,,,,,,,
179,A,accepted,direct,11.0,11.0,-1.3247654549612007,3.4309369543477293,5.57879816728152,3.4309369543477293,-2.6495309099224014,2.6495309099224014,1.2949224111705924,7.800196744030645,0.041444262729769796,0.996306022203671,True,0.0,0.0
180,A,accepted,direct,8.0,8.0,-1.5825779722833677,1.8385159372777262,6.469100156406733,1.8385159372777262,-3.1651559445667354,3.1651559445667354,0.5808610916734445,7.003061343599816,0.01137704928651718,0.9988660332191381,True,0.0,0.0
181,D,accepted,robust,18.0,18.0,-1.439845135937065,4.523121620281125,7.108659656036406,4.523121620281125,-2.87969027187413,2.87969027187413,1.5706972602082772,10.6608870243186,0.11421727016269685,0.9936888060452542,True,0.0,0.0
182,A,accepted,direct,15.0,15.0,-1.239556345441808,2.494176720938755,7.467012692740991,2.494176720938755,-2.479112690883616,2.479112690883616,1.006076379710585,8.721678835621232,0.06307876690080566,0.9971419914499845,True,0.0,0.0
183,A,accepted,direct,8.0,8.0,-1.6514318089240207,1.5459878127859918,5.611023919340313,1.5459878127859918,-3.3028636178480415,3.3028636178480415,0.46807497725058045,5.972843024490052,0.007743386726369652,0.9997210098544982,True,0.0,0.0
188,B,accepted,truncated,6.0,6.0,-1.541765240811248,2.970990265992005,6.839224614577163,2.970990265992005,-3.083530481622496,3.083530481622496,0.9635028042365014,8.270503340898486,0.0026688040044492087,0.9999728133001324,True,0.0,0.0
189,D,accepted,robust,18.0,18.0,-1.2735397236094457,4.381109395354597,7.635403632989632,4.381109395354597,-2.5470794472188913,2.5470794472188913,1.720052116999432,11.403271878132522,0.1516593305604768,0.9848275771745753,True,0.0,0.0
190,C,accepted,trimmed,15.0,14.0,-1.7369243291572602,4.456163360382446,6.147744983799908,4.456163360382446,-3.4738486583145205,3.4738486583145205,1.2827741789259568,9.00587063168717,0.048173985256697555,0.9976992325048845,True,1.0,0.0
191,D,accepted,robust,11.0,11.0,-1.2124944140395475,1.9839138905363232,6.671833571006431,1.9839138905363232,-2.424988828079095,2.424988828079095,0.8181125898661726,7.483366036535504,0.03683078597989889,0.994835232680382,True,0.0,0.0
192,A,accepted,direct,9.0,9.0,-0.9132686786685781,0.324087541569919,8.033338463226556,0.324087541569919,-1.8265373573371562,1.8265373573371562,0.1774327474157959,8.062090334678548,0.027357350898848,0.9980870792673542,True,0.0,0.0
193,D,accepted,robust,12.0,12.0,-0.3831729182991242,1.2444166806157437,5.9723306183731495,1.2444166806157437,-0.7663458365982484,0.7663458365982484,1.6238317234678483,6.98269225997135,0.18533100931743635,0.7498173820090038,True,0.0,0.0
194,E,rejected,,,,,,,,,,,,,,,,
196,D,accepted,robust,21.0,19.0,-1.3599175114631432,5.077106188181333,6.701115612329654,5.077106188181333,-2.7198350229262864,2.7198350229262864,1.8666963787821385,11.439823480414894,0.14074187297483254,0.9925500003898227,True,0.0,2.0
197,B,accepted,truncated,5.0,5.0,0.5941713043090207,-1.5484604382332503,7.156300500818572,-1.5484604382332503,1.1883426086180413,-1.1883426086180413,1.3030420915681888,6.147445936745548,0.10026570132047456,0.9303691666721138,True,0.0,0.0
198,D,accepted,robust,16.0,15.0,-0.9835782706575071,3.27795198880027,6.764809340148354,3.27795198880027,-1.9671565413150143,1.9671565413150143,1.6663401818591461,9.49590089671985,0.08054702248435183,0.994294993166224,True,0.0,1.0
199,D,accepted,robust,10.0,10.0,-1.3804006462231249,2.1047102649899596,6.816955080257173,2.1047102649899596,-2.7608012924462497,2.7608012924462497,0.7623548535523356,7.6192231231754315,0.034266315727611095,0.9944034667557493,True,0.0,0.0
200,A,accepted,direct,17.0,17.0,-1.2707971359532488,3.6473003123905126,6.443805379769803,3.6473003123905126,-2.5415942719064977,2.5415942719064977,1.435044276226907,9.060824098258111,0.06599099348037542,0.9967774321028311,True,0.0,0.0
201,D,accepted,robust,14.0,14.0,-0.607526841164326,1.787606278167085,5.405631695874582,1.787606278167085,-1.215053682328652,1.215053682328652,1.47121588466868,6.720609071861019,0.17966948324278872,0.8678826518925402,True,0.0,0.0
202,C,accepted,trimmed,22.0,22.0,-1.1075542591298064,4.928265144531862,4.594438690635324,4.928265144531862,-2.215108518259613,2.215108518259613,2.224841403437854,10.076742860972388,0.2605830198678503,0.9771082036522519,True,0.0,0.0
203,A,accepted,direct,6.0,6.0,-1.2209073309155807,0.9125934287657559,6.651636867207315,0.9125934287657559,-2.4418146618311614,2.4418146618311614,0.3737357478562216,6.822171261001536,0.007989330353045204,0.997544418998525,True,0.0,0.0
204,B,accepted,truncated,6.0,6.0,-1.52920989979881,3.667240958760134,7.458947552869322,3.667240958760134,-3.05841979959762,3.05841979959762,1.1990639608214064,9.65757578751803,0.005176211566022013,0.9999518635751269,True,0.0,0.0
205,C,accepted,trimmed,19.0,18.0,-1.2817020261876129,4.474886082369341,6.447441532199195,4.474886082369341,-2.5634040523752257,2.5634040523752257,1.745681129833182,10.353303628271842,0.058173650945544296,0.9977844052375417,True,1.0,0.0
206,D,accepted,robust,19.0,18.0,-0.8035985894882635,2.381048370054652,6.113131186835263,2.381048370054652,-1.607197178976527,1.607197178976527,1.4814911332602752,7.876882210885162,0.19389234934024588,0.9507721624702548,True,0.0,1.0
207,A,accepted,direct,18.0,18.0,-1.5587622674242267,4.636191658391417,7.452429855687938,4.636191658391417,-3.1175245348484535,3.1175245348484535,1.4871387880245786,10.899760077642874,0.10777498550484227,0.9957265455015019,True,0.0,0.0
208,E,rejected,,,,,,,,,,,,,,,,
209,A,accepted,direct,11.0,11.0,-1.2382112159559158,2.651000267489455,6.561093812360449,2.651000267489455,-2.4764224319118315,2.4764224319118315,1.070495983773999,7.980036382026078,0.019021357148717992,0.9982254667748268,True,0.0,0.0
210,A,accepted,direct,11.0,11.0,-1.418089099139744,2.5244359447238045,7.041259478346437,2.5244359447238045,-2.836178198279488,2.836178198279488,0.8900836859458282,8.164739103653389,0.03764917752000776,0.9970174558853231,True,0.0,0.0
212,A,accepted,direct,6.0,6.0,-1.1375034798145907,0.9211774573080939,6.443555663797021,0.9211774573080939,-2.2750069596291813,2.2750069596291813,0.4049119293499844,6.630053534553188,0.008766830561801353,0.9994495238645303,True,0.0,0.0
213,A,accepted,direct,7.0,7.0,-1.3206102890734726,0.6165893559928569,7.182876869619124,0.6165893559928569,-2.641220578146945,2.641220578146945,0.23344864154642095,7.254847843393381,0.00354472846203217,0.9999315118649131,True,0.0,0.0
214,A,accepted,direct,5.0,5.0,-1.586825264457533,0.9266835241429678,6.019933288896933,0.9266835241429678,-3.173650528915066,3.173650528915066,0.2919929323345381,6.155225808677238,0.010060694001741007,0.9951290957849106,True,0.0,0.0
215,A,accepted,direct,6.0,6.0,-1.4713550692020632,0.44117213730180205,6.678208455110731,0.44117213730180205,-2.9427101384041263,2.9427101384041263,0.14992035115665725,6.711278795983141,0.009068085581554844,0.9994346337716269,True,0.0,0.0
216,B,accepted,truncated,5.0,5.0,-1.101626893953488,-0.8259898756316685,8.02772744688974,-0.8259898756316685,-2.203253787906976,2.203253787906976,-0.3748954751219712,8.182557380325177,0.02872387496829989,0.9982188135871032,False,0.0,0.0
217,A,accepted,direct,7.0,7.0,-1.0702677522632804,1.7975827316785113,7.544280042672688,1.7975827316785113,-2.140535504526561,2.140535504526561,0.8397817872570617,8.299068662248393,0.015790202711760338,0.9968714487941022,True,0.0,0.0
219,C,accepted,trimmed,23.0,22.0,-1.56949352772224,6.102161079731844,7.175558040054629,6.102161079731844,-3.13898705544448,3.13898705544448,1.9439905204922163,13.106829686812254,0.15914746772665225,0.9953846991873143,True,1.0,0.0
220,A,accepted,direct,16.0,16.0,-1.2312378395177612,3.530555081193323,7.0990178698096855,3.530555081193323,-2.4624756790355224,2.4624756790355224,1.4337421121560618,9.629970619406402,0.062066725416954405,0.9956831826042918,True,0.0,0.0
222,D,accepted,robust,17.0,17.0,-1.2008274829725762,3.286116813315602,6.289806785816626,3.286116813315602,-2.4016549659451525,2.4016549659451525,1.3682718208534905,8.53795730366293,0.10956669720073337,0.9911821424098914,True,0.0,0.0
224,A,accepted,direct,14.0,14.0,-1.2663761058032454,3.0823009685090836,7.5757435112740765,3.0823009685090836,-2.532752211606491,2.532752211606491,1.2169769132504364,9.451288070456584,0.0434912063051028,0.9966483772495277,True,0.0,0.0
225,A,accepted,direct,21.0,21.0,-1.3616380072594572,5.510797647777412,6.265429135925815,5.510797647777412,-2.7232760145189143,2.7232760145189143,2.0235912990079092,11.841230221243627,0.11022217524930313,0.9961880672630127,True,0.0,0.0
226,C,accepted,trimmed,21.0,20.0,-1.6992546120182213,6.123161414077568,8.142059691015584,6.123161414077568,-3.3985092240364425,3.3985092240364425,1.801719816080131,13.65817031941598,0.12953971374679288,0.9960240843301075,True,1.0,0.0
228,D,accepted,robust,11.0,11.0,-0.5452904874388163,0.15615230575400357,8.91484438777303,0.15615230575400357,-1.0905809748776325,1.0905809748776325,0.14318267909590526,8.92602354051546,0.1321484960020975,0.9662084755630045,True,0.0,0.0
230,E,rejected,,,,,,,,,,,,,,,,
231,C,accepted,trimmed,12.0,12.0,-0.4735590936099777,0.9512855002086578,5.808864164414477,0.9512855002086578,-0.9471181872199554,0.9471181872199554,1.0043999925721356,6.286599739086255,0.09051374368877402,0.8424718091761113,True,0.0,0.0
232,D,accepted,robust,22.0,22.0,-0.8283467276691162,3.6796779416719954,5.825094706680124,3.6796779416719954,-1.6566934553382324,1.6566934553382324,2.221097650754435,9.911556722570417,0.39525831752981555,0.9044508418842684,True,0.0,0.0
233,D,accepted,robust,9.0,9.0,-0.8150945194883397,0.06336543235986541,8.963188159394461,0.06336543235986541,-1.6301890389766793,1.6301890389766793,0.038869990439662064,8.964419666269478,0.12845569454701083,0.9745551030470665,True,0.0,0.0
234,B,accepted,truncated,7.0,7.0,0.46656009128656467,-1.8490125395350607,7.822661311638756,-1.8490125395350607,0.9331201825731293,-0.9331201825731293,1.9815373990050336,5.990717562479758,0.09557487454945736,0.9672850196588162,False,0.0,0.0
236,E,rejected,,,,,,,,,,,,,,,,
237,D,accepted,robust,7.0,7.0,-0.9760973128115684,0.6568649056823294,8.596126676719226,0.6568649056823294,-1.9521946256231368,1.9521946256231368,0.3364751121946457,8.70663602313732,0.017530390366736384,0.9949575014075384,True,0.0,0.0
238,C,accepted,trimmed,12.0,12.0,-0.8958455599570414,2.27416545003851,7.47789272703442,2.27416545003851,-1.7916911199140828,1.7916911199140828,1.2692843229292576,8.92117400377504,0.12385413447493165,0.9240624993830717,True,0.0,0.0
239,A,accepted,direct,14.0,14.0,-1.4156299865631436,2.6430032175892837,8.205151139749411,2.6430032175892837,-2.8312599731262873,2.8312599731262873,0.9335077819331689,9.438783175396411,0.02086892099958448,0.9996814561366618,True,0.0,0.0
240,D,accepted,robust,7.0,7.0,-1.4068161728891602,1.4066013677988873,6.634552444356395,1.4066013677988873,-2.8136323457783203,2.8136323457783203,0.4999236555939531,6.986149093233132,0.031043144406825263,0.9813411268496399,True,0.0,0.0
241,A,accepted,direct,6.0,6.0,-1.671622220968848,2.788924085491604,5.269873175442948,2.788924085491604,-3.343244441937696,3.343244441937696,0.8341968808823277,6.433129062010295,0.004674038451473835,0.9998740713514351,True,0.0,0.0
243,A,accepted,direct,14.0,14.0,-1.4022219529751676,2.7021543482125323,7.411163157963282,2.7021543482125323,-2.804443905950335,2.804443905950335,0.9635259034702852,8.712961012802102,0.06343583301783588,0.9967473386573611,True,0.0,0.0
244,A,accepted,direct,8.0,8.0,-1.4569045197938886,1.2837950672406806,8.555508297005641,1.2837950672406806,-2.913809039587777,2.913809039587777,0.4405899802625027,8.838321918673977,0.017205575566470798,0.9984549158203858,True,0.0,0.0
245,A,accepted,direct,6.0,6.0,-1.4947346134381856,2.4483048473814097,6.32772965861673,2.4483048473814097,-2.989469226876371,2.989469226876371,0.8189764341342922,7.330281645407794,0.007735533390335247,0.9995339243774943,True,0.0,0.0
246,A,accepted,direct,6.0,6.0,-1.5398950572202972,1.0467718815985494,6.8795962123020145,1.0467718815985494,-3.0797901144405944,3.0797901144405944,0.33988416181038444,7.057486804093916,0.0064394640790739355,0.9992028791008252,True,0.0,0.0
247,A,accepted,direct,8.0,8.0,-1.7550985163064095,3.7022665332592437,5.611181947756058,3.7022665332592437,-3.510197032612819,3.510197032612819,1.054717583902536,7.563604754217262,0.015745161539895983,0.9994225536977839,True,0.0,0.0
248,B,accepted,truncated,7.0,7.0,-1.6004618441900433,0.24855836328369907,9.088627055308272,0.24855836328369907,-3.2009236883800867,3.2009236883800867,0.07765207405162748,9.098277591524202,0.01984974115215576,0.9992070102110472,True,0.0,0.0
249,A,accepted,direct,16.0,16.0,-1.67657056256425,4.706282543584059,7.5483267472308775,4.706282543584059,-3.3531411251285,3.3531411251285,1.4035444283317196,10.851065068331998,0.03693934341235586,0.9991953859851417,True,0.0,0.0
250,D,accepted,robust,6.0,6.0,-0.9623292260259233,1.8905167177294724,7.700140965957141,1.8905167177294724,-1.9246584520518466,1.9246584520518466,0.982260886711626,8.628631279707193,0.036181845691231465,0.9882103427882596,True,0.0,0.0
251,D,accepted,robust,21.0,21.0,-1.3693197110475177,5.2326199798880175,7.225301318741258,5.2326199798880175,-2.7386394220950354,2.7386394220950354,1.9106640829281236,12.224190846333316,0.17611381111411387,0.9906677202129299,True,0.0,0.0
252,A,accepted,direct,7.0,7.0,-1.2802226806765271,2.551930742744175,5.59951401254338,2.551930742744175,-2.5604453613530542,2.5604453613530542,0.9966745556310642,6.871236232056281,0.009290284642694397,0.9995610044893279,True,0.0,0.0
253,D,accepted,robust,12.0,12.0,-1.0213116337986972,2.1288827919853164,6.448690113858252,2.1288827919853164,-2.0426232675973943,2.0426232675973943,1.042229776658416,7.558082632269652,0.046631631102291765,0.9888161558895239,True,0.0,0.0
255,E,rejected,,,,,,,,,,,,,,,,
256,A,accepted,direct,13.0,13.0,-1.077575681547279,1.9807895553860364,8.84707788300228,1.9807895553860364,-2.155151363094558,2.155151363094558,0.9190953309849396,9.7573450990118,0.014577653705019348,0.9995676871862355,True,0.0,0.0
257,D,accepted,robust,10.0,10.0,-0.978429442717546,1.4468106672405203,7.289120787462355,1.4468106672405203,-1.956858885435092,1.956858885435092,0.7393536028628009,7.8239731272046615,0.051437597892518803,0.9772166917321916,True,0.0,0.0
258,C,accepted,trimmed,14.0,14.0,-1.1341607978271708,1.648306056664829,8.724985723767446,1.648306056664829,-2.2683215956543417,2.2683215956543417,0.7266633002227989,9.323867483224092,0.15341511195285168,0.9848251189938297,True,0.0,0.0
259,D,accepted,robust,7.0,7.0,-1.4849884575020706,2.786859123637279,5.8391978494969035,2.786859123637279,-2.9699769150041413,2.9699769150041413,0.9383436987534272,7.146713698486173,0.09608184450134953,0.9543047492230433,True,0.0,0.0
260,E,rejected,,,,,,,,,,,,,,,,
262,D,accepted,robust,10.0,10.0,0.21350430271958604,0.9839946195653324,5.680641428908556,0.9839946195653324,0.4270086054391721,-0.4270086054391721,-2.304390607194692,4.546887449480323,0.30644564045279005,0.8951602615842282,True,0.0,0.0
263,C,accepted,trimmed,16.0,16.0,-0.8817307795981059,2.419970215763297,6.976086578514248,2.419970215763297,-1.7634615591962117,1.7634615591962117,1.3722840756825587,8.636529873873277,0.20446476923550835,0.9376503608920392,True,0.0,0.0
264,E,rejected,,,,,,,,,,,,,,,,
266,C,accepted,trimmed,16.0,16.0,-0.8415393911606168,2.247372472268607,7.085362500506445,2.247372472268607,-1.6830787823212336,1.6830787823212336,1.3352746739336363,8.585792273064392,0.3942279075258728,0.8394048497589178,True,0.0,0.0
267,D,accepted,robust,6.0,6.0,-3.4407350327784005,5.036615923992164,6.86288548216503,5.036615923992164,-6.881470065556801,6.881470065556801,0.7319098791407205,8.706059958268696,0.16429565392057768,0.9389278934445283,True,0.0,0.0
268,E,rejected,,,,,,,,,,,,,,,,
269,D,accepted,robust,18.0,17.0,-1.177719779953671,4.741125301090117,4.134389397052411,4.741125301090117,-2.355439559907342,2.355439559907342,2.012840992309997,8.905955074908544,0.0630253228869574,0.9968405383839515,True,0.0,1.0
272,D,accepted,robust,12.0,12.0,-0.2089056921448549,-0.22677009599036235,7.8245063473962295,-0.22677009599036235,-0.4178113842897098,0.4178113842897098,-0.5427571016904611,7.886046887421128,0.26994870615463573,0.8567245027145212,True,0.0,0.0
273,D,accepted,robust,11.0,11.0,-0.8930078914318739,1.690696529499092,7.48811518787473,1.690696529499092,-1.7860157828637477,1.7860157828637477,0.9466302289827372,8.288347409304752,0.04511408743097978,0.9806518860496551,True,0.0,0.0
275,A,accepted,direct,14.0,14.0,-1.1897198371167208,3.605405837131154,7.140186164834243,3.605405837131154,-2.3794396742334416,2.3794396742334416,1.5152331349995956,9.871701359605282,0.050373068115072375,0.9960603532183154,True,0.0,0.0
277,A,accepted,direct,7.0,7.0,-1.2677767762501833,2.259642659427261,7.2244993726985705,2.259642659427261,-2.5355535525003665,2.5355535525003665,0.8911831726839201,8.231377129878728,0.004375498618573292,0.9998378861132214,True,0.0,0.0
278,D,accepted,robust,5.0,5.0,-8.296320609564582,9.251599409960592,7.233455458350218,9.251599409960592,-16.592641219129163,16.592641219129163,0.5575724375510933,9.812673875479211,0.30159584826258384,0.9332698488198197,True,0.0,0.0
279,B,accepted,truncated,6.0,6.0,0.08869567120182151,-1.07676721358286,7.197256753881924,-1.07676721358286,0.17739134240364302,-0.17739134240364302,6.0700099508393315,3.929262903289174,0.07198377739506243,0.956514805646735,False,0.0,0.0
281,B,accepted,truncated,6.0,6.0,1.14038215289847,-2.2377235602149037,7.226375975178403,-2.2377235602149037,2.28076430579694,-2.28076430579694,0.9811288060442541,6.12862845273303,0.055777856591691294,0.9801257118504109,True,0.0,0.0
282,A,accepted,direct,5.0,5.0,-1.864144394872607,1.1925512899345765,6.4226885189754865,1.1925512899345765,-3.728288789745214,3.728288789745214,0.3198655890645407,6.6134165793977875,0.0042425130163169095,0.9992080155995882,True,0.0,0.0
283,B,accepted,truncated,7.0,7.0,-0.031939535887566387,-2.17483246559318,8.923758904667734,-2.17483246559318,-0.06387907177513277,0.06387907177513277,-34.0460874768035,45.946027090156555,0.13771062415683427,0.9841137721791026,False,0.0,0.0
284,E,rejected,,,,,,,,,,,,,,,,
285,D,accepted,robust,7.0,7.0,-1.1236954412725673,1.5016287311673222,7.714155676698063,1.5016287311673222,-2.2473908825451345,2.2473908825451345,0.6681653569167957,8.215823825256527,0.015880367794429265,0.9910732834421324,True,0.0,0.0
286,B,accepted,truncated,5.0,5.0,0.38128320739130406,-1.6283492606141765,7.982749517120321,-1.6283492606141765,0.7625664147826081,-0.7625664147826081,2.1353540216931597,6.244198445933538,0.066126150665075,0.9698686255561946,False,0.0,0.0
288,D,accepted,robust,7.0,7.0,-2.7496119338673006,4.391588258480272,6.428556930239943,4.391588258480272,-5.499223867734601,5.499223867734601,0.798583284497087,8.182081418047952,0.20354025003756945,0.8902258939859732,True,0.0,0.0
290,B,accepted,truncated,6.0,6.0,-0.9076648177470039,4.03034639148367,5.619836950377972,4.03034639148367,-1.8153296354940078,1.8153296354940078,2.2201733022371375,10.093870678947887,0.024599502498984103,0.9994721617041051,False,0.0,0.0
291,A,accepted,direct,6.0,6.0,-1.296611798486441,1.7423223364488056,6.551612337553599,1.7423223364488056,-2.593223596972882,2.593223596972882,0.6718750895536547,7.136923825470036,0.01087761098152402,0.9970443575324105,True,0.0,0.0
292,D,accepted,robust,5.0,5.0,5.580554093511543,-2.7538550795871,6.947435032815431,-2.7538550795871,11.161108187023085,-11.161108187023085,0.24673670691490845,6.607696465986324,0.14429451823820927,0.9472130716539832,True,0.0,0.0
293,B,accepted,truncated,5.0,5.0,-0.7471436688563875,2.512976029147129,6.34449892805443,2.512976029147129,-1.494287337712775,1.494287337712775,1.681722093017,8.45756258177386,0.012954120888149427,0.9994333187359951,False,0.0,0.0
294,B,accepted,truncated,5.0,5.0,0.4319478620745894,-1.4191236077304257,7.397680813524981,-1.4191236077304257,0.8638957241491788,-0.8638957241491788,1.642702432782697,6.232081912105917,0.0337442534786477,0.9879093152058513,False,0.0,0.0
