track_id,start_frame,end_frame,lifetime_frames,start_time,end_time,duration,start_x,start_z,end_x,end_z,min_z,max_z,horizontal_drift,vertical_range,assigned_detections,missed_frames
0,0,14,15,51.00000576387523,53.80000308462378,2.7999973207485525,-8.253645833333334,6.604683289659345,-8.157812499999999,4.729468782720451,4.729468782720451,7.386685210381568,0.09583333333333499,2.657216427661117,15,0
1,0,4,5,51.00000576387523,51.80000618946478,0.8000004255895519,-7.582812499999999,6.0311281790604045,-7.582812499999999,6.800487132265591,6.0311281790604045,6.800487132265591,0.0,0.7693589532051863,5,0
2,0,16,17,51.00000576387523,54.200007426823156,3.200001662947926,-7.199479166666666,5.47400614735342,-6.0015624999999995,4.814369713682249,4.814369713682249,7.466955284160966,1.197916666666667,2.652585570478717,17,0
3,0,10,11,51.00000576387523,53.00000761416427,2.0000018502890384,-6.4328125,5.908228244157774,-5.1630208333333325,5.415687706147461,5.415687706147461,6.345554614185896,1.2697916666666673,0.9298669080384352,11,0
4,0,1,2,51.00000576387523,51.20000084601579,0.1999950821405605,-5.6421874999999995,6.007287873748917,-5.091145833333333,5.520850777274256,5.520850777274256,6.007287873748917,0.5510416666666664,0.4864370964746607,2,0
5,0,9,10,51.00000576387523,52.80000290382324,1.7999971399480117,-4.180729166666667,6.44119154932041,-4.228645833333333,4.460854934147921,4.460854934147921,6.493026511918879,-0.04791666666666661,2.032171577770958,10,0
6,0,3,4,51.00000576387523,51.60000489545984,0.5999991315846103,-3.0307291666666663,7.162810826254845,-2.7432291666666666,5.45077195151031,5.45077195151031,7.162810826254845,0.28749999999999964,1.7120388747445352,4,0
7,0,4,5,51.00000576387523,51.80000618946478,0.8000004255895519,-2.2880208333333325,7.533595886864891,-2.791145833333333,6.0961142182790296,5.971256779277748,7.533595886864891,-0.5031250000000007,1.5623391075871433,5,0
8,0,13,13,51.00000576387523,53.60000189171068,2.5999961278354533,-1.5932291666666671,10.594055497446009,-1.3296875000000004,6.957783163598616,6.7727603639145135,10.594055497446009,0.2635416666666668,3.8212951335314953,13,1
9,0,2,3,51.00000576387523,51.40000376541824,0.39999800154301113,-0.7546874999999993,6.5265280479986805,-0.7067708333333336,5.511831010307598,5.511831010307598,6.5265280479986805,0.04791666666666572,1.0146970376910822,3,0
10,0,23,22,51.00000576387523,55.6000009594703,4.599995195595071,-0.15572916666666714,5.671290032341316,-0.6348958333333332,7.651001326389481,5.384344369001362,9.332794587079565,-0.4791666666666661,3.948450218078203,22,2
11,0,5,6,51.00000576387523,52.000005931936506,1.000000168061277,1.2817708333333329,4.889754911780079,0.3234375000000007,6.608592504559532,4.889754911780079,6.608592504559532,-0.9583333333333321,1.7188375927794528,6,0
12,0,2,3,51.00000576387523,51.40000376541824,0.39999800154301113,3.078645833333333,5.241713614456864,3.030729166666667,5.532123115900759,5.241713614456864,5.532123115900759,-0.04791666666666572,0.29040950144389477,3,0
13,0,15,16,51.00000576387523,54.00000052463664,2.9999947607614104,4.108854166666667,6.798908516121306,3.9411458333333336,5.567379800595107,5.567379800595107,8.067180563627037,-0.16770833333333357,2.4998007630319297,16,0
14,0,3,4,51.00000576387523,51.60000489545984,0.5999991315846103,5.4984375,7.2481961799732,5.450520833333334,5.465043647335776,5.465043647335776,7.2481961799732,-0.04791666666666572,1.7831525326374242,4,0
15,0,11,12,51.00000576387523,53.20000419450776,2.199998430632533,6.2890625,10.546204937709643,5.977604166666666,8.407079481032666,8.407079481032666,10.74765045762897,-0.3114583333333343,2.340570976596304,12,0
16,0,17,18,51.00000576387523,54.4000084447578,3.4000026808825723,7.199479166666666,8.864427505639442,7.510937500000001,4.87476768448528,4.87476768448528,8.864427505639442,0.3114583333333343,3.989659821154162,18,0
17,0,8,9,51.00000576387523,52.60000856321188,1.6000027993366501,7.702604166666667,8.136846444543254,8.0859375,5.460901196232576,5.460901196232576,8.136846444543254,0.38333333333333286,2.6759452483106783,9,0
18,0,32,31,51.00000576387523,57.40000529086307,6.399999526987841,8.900520833333335,6.106789432179066,8.4453125,4.918926633979769,4.848265993867128,6.106789432179066,-0.455208333333335,1.2585234383119381,31,2
19,3,19,17,51.60000489545984,54.800008609640074,3.2000037141802338,-6.911979166666666,5.636023894911432,-6.384895833333333,6.370647097406568,5.636023894911432,8.090044152161335,0.5270833333333327,2.454020257249903,17,0
20,4,18,15,51.80000618946478,54.60000671202733,2.8000005225625486,-3.4140625,6.070678620699671,-3.7494791666666663,6.3938820487887265,6.070678620699671,8.2412056874392,-0.33541666666666625,2.1705270667395284,15,0
21,5,27,22,52.000005931936506,56.400008199266,4.400002267329491,-2.8390625,6.685261660402062,-2.0484375000000004,4.384900738519896,4.384900738519896,9.296225432671754,0.7906249999999995,4.911324694151858,22,1
22,5,17,13,52.000005931936506,54.4000084447578,2.4000025128212954,2.0244791666666657,6.066854506186984,3.030729166666667,5.847784757909087,5.847784757909087,6.942933462232496,1.0062500000000014,1.0951487043234085,13,0
23,5,13,9,52.000005931936506,53.60000189171068,1.5999959597741764,9.068229166666665,5.753349610474683,9.140104166666664,6.745042911185642,5.753349610474683,6.972122735467404,0.07187499999999858,1.2187731249927207,9,0
24,6,8,3,52.200002570231014,52.60000856321188,0.4000059929808657,-4.707812499999999,5.141479391304501,-4.707812499999999,4.703612580493791,4.703612580493791,5.141479391304501,0.0,0.4378668108107098,3,0
25,6,23,18,52.200002570231014,55.6000009594703,3.399998389239286,-2.072395833333333,5.70210355546988,-2.0484375000000004,5.666768242516592,5.666768242516592,8.393388997865994,0.02395833333333286,2.726620755349402,18,0
26,7,17,11,52.400000700535365,54.4000084447578,2.0000077442224367,4.635937500000001,8.024018621574033,4.635937500000001,5.963239812381555,5.963239812381555,8.071092348347637,0.0,2.1078525359660825,11,0
27,7,9,2,52.400000700535365,52.80000290382324,0.40000220328787606,7.654687499999998,5.455273278677564,7.606770833333332,4.541470214566904,4.541470214566904,5.455273278677564,-0.04791666666666572,0.9138030641106596,2,1
28,9,17,9,52.80000290382324,54.4000084447578,1.6000055409345606,-8.924479166666666,5.891810179253922,-8.876562499999999,4.96131062207506,4.96131062207506,6.029539054744965,0.047916666666667496,1.0682284326699047,9,0
29,9,10,2,52.80000290382324,53.00000761416427,0.20000471034102674,-7.223437499999999,6.136383901594774,-7.271354166666666,5.967300675906693,5.967300675906693,6.136383901594774,-0.04791666666666661,0.1690832256880812,2,0
30,10,31,21,53.00000761416427,57.200008987999894,4.200001373835626,5.618229166666666,7.555309857300119,5.714062500000001,7.066760705878791,7.066760705878791,11.049078790637317,0.09583333333333499,3.982318084758526,21,1
31,13,26,14,53.60000189171068,56.20000076960177,2.599998877891089,-5.019270833333333,5.984322206487384,-4.875520833333333,5.264242536996312,5.264242536996312,7.084004319213633,0.14374999999999982,1.8197617822173209,14,0
32,13,14,2,53.60000189171068,53.80000308462378,0.20000119291309915,3.3421874999999996,5.022955347949638,3.3421874999999996,5.031767044833471,5.022955347949638,5.031767044833471,0.0,0.008811696883832987,2,0
33,14,35,22,53.80000308462378,58.00000900588648,4.200005921262701,-0.9703125000000004,7.577277079890755,-1.2098958333333325,7.123322275998466,7.123322275998466,9.421108921569907,-0.23958333333333215,2.297786645571441,22,0
34,14,19,6,53.80000308462378,54.800008609640074,1.0000055250162916,6.6005208333333325,5.645129300317688,6.576562499999998,5.561111519456215,5.561111519456215,5.774480535528271,-0.023958333333334636,0.21336901607205583,6,0
35,15,22,8,54.00000052463664,55.40000170490379,1.4000011802671466,-7.702604166666666,5.068819913531033,-8.517187499999999,5.642612051486844,5.068819913531033,7.24731753268878,-0.8145833333333323,2.1784976191577474,8,0
36,15,23,9,54.00000052463664,55.6000009594703,1.6000004348336603,-5.666145833333333,5.324762513054575,-8.4453125,5.9331286808673465,5.324762513054575,7.254198070968633,-2.779166666666667,1.9294355579140587,9,0
37,16,21,6,54.200007426823156,55.20000433690614,0.9999969100829844,-7.702604166666666,5.418379632635988,-8.589062499999999,5.2900170726140345,5.2900170726140345,6.553652055497071,-0.8864583333333327,1.2636349828830369,6,0
38,17,23,7,54.4000084447578,55.6000009594703,1.1999925147124983,-0.25156250000000036,7.564007874118447,-0.1317708333333325,5.4396023578767805,5.4396023578767805,7.564007874118447,0.11979166666666785,2.1244055162416666,7,0
39,18,32,15,54.60000671202733,57.40000529086307,2.7999985788357407,3.2703124999999993,6.305842368432669,3.5817708333333336,5.320898519003354,5.320898519003354,7.540940436251793,0.3114583333333343,2.220041917248439,15,0
40,18,28,11,54.60000671202733,56.60000976661389,2.000003054586557,4.588020833333333,6.187539459470148,4.851562500000002,5.326427374856873,5.326427374856873,6.560904880767825,0.26354166666666856,1.2344775059109514,11,0
41,18,33,16,54.60000671202733,57.600005655725376,2.9999989436980457,7.079687499999999,5.648339296155908,7.630729166666665,5.236824472156612,5.236824472156612,7.364591762847499,0.5510416666666664,2.127767290690887,16,0
42,18,31,13,54.60000671202733,57.200008987999894,2.600002275972564,7.894270833333334,5.429168987125724,8.03802083333333,4.698675315458673,4.698675315458673,6.356976464422719,0.14374999999999716,1.6583011489640462,13,1
43,19,33,15,54.800008609640074,57.600005655725376,2.799997046085302,-3.7734375,6.894106485848734,-3.5578125,5.1500215534038585,5.1500215534038585,7.906877393441096,0.21562500000000018,2.756855840037238,15,0
44,19,31,13,54.800008609640074,57.200008987999894,2.4000003783598203,1.5932291666666671,5.321383857580901,1.9526041666666671,4.799405343698968,4.799405343698968,6.404407588205976,0.359375,1.6050022445070082,13,0
45,21,30,10,55.20000433690614,57.00000484037118,1.8000005034650428,-6.384895833333333,6.837073262883349,-7.127604166666666,5.076557135491096,5.076557135491096,7.179620673431292,-0.7427083333333329,2.103063537940196,10,0
46,21,43,22,55.20000433690614,59.600000367609375,4.399996030703235,-3.078645833333333,4.739165479245915,-4.1328125,5.885771042499514,4.710646034471774,6.709975314837914,-1.0541666666666671,1.9993292803661395,22,1
47,21,43,23,55.20000433690614,59.600000367609375,4.399996030703235,6.265104166666667,6.0130113799972955,6.1453124999999975,5.96961709841607,5.96961709841607,8.133295438839646,-0.11979166666666963,2.1636783404235755,23,0
48,22,33,12,55.40000170490379,57.600005655725376,2.200003950821589,-6.193229166666666,7.248873869723629,-6.025520833333333,5.917085557301247,5.917085557301247,7.810686634690378,0.16770833333333268,1.893601077389131,12,0
49,22,29,8,55.40000170490379,56.80000061592798,1.3999989110241913,0.6348958333333332,6.386710482258331,0.7786458333333339,7.744931650411864,6.386710482258331,7.760775176907491,0.1437500000000007,1.3740646946491601,8,0
50,22,33,10,55.40000170490379,57.600005655725376,2.200003950821589,3.5817708333333336,7.031455168042855,2.7671875000000004,5.8145515929646665,5.691657218903167,7.15957089805563,-0.8145833333333332,1.4679136791524634,10,2
51,23,30,6,55.6000009594703,57.00000484037118,1.4000038809008828,-7.055729166666666,7.022232507017893,-7.534895833333333,5.383597127735396,5.383597127735396,7.022232507017893,-0.47916666666666696,1.6386353792824977,6,2
52,23,24,2,55.6000009594703,55.80000125468527,0.20000029521496998,-4.588020833333333,5.449787632966067,-4.540104166666667,5.047146582857205,5.047146582857205,5.449787632966067,0.04791666666666661,0.402641050108862,2,0
53,24,35,12,55.80000125468527,58.00000900588648,2.2000077512012126,-8.4453125,6.187988902314982,-7.8703125,5.111873387455474,5.111873387455474,6.661575515549099,0.5750000000000002,1.5497021280936254,12,0
54,24,25,2,55.80000125468527,56.00000457849187,0.20000332380659813,-5.4984375,5.876295631211111,-5.4984375,5.974145091219443,5.876295631211111,5.974145091219443,0.0,0.09784946000833195,2,0
55,24,30,7,55.80000125468527,57.00000484037118,1.2000035856859128,1.9765625,6.254346098163136,2.2640624999999996,5.050676818449173,5.050676818449173,6.254346098163136,0.28749999999999964,1.2036692797139636,7,0
56,24,29,6,55.80000125468527,56.80000061592798,0.9999993612427076,4.036979166666667,6.280187514179417,4.923437499999997,5.8645404470865765,5.8645404470865765,6.328383170840535,0.88645833333333,0.46384272375395863,6,0
57,25,41,17,56.00000457849187,59.20000719864033,3.20000262014846,0.3234375000000007,7.2470237813547875,0.2994791666666661,5.922431310609291,5.922431310609291,8.288093135898535,-0.023958333333334636,2.3656618252892443,17,0
58,26,32,7,56.20000076960177,57.40000529086307,1.2000045212612989,2.7671875000000004,6.5242272388900115,2.7432291666666657,5.405851912634539,5.405851912634539,6.5242272388900115,-0.023958333333334636,1.1183753262554728,7,0
59,27,33,7,56.400008199266,57.600005655725376,1.1999974564593785,-0.2276041666666675,5.816274927446095,-0.9463541666666657,6.051792083299144,5.805014737068057,6.051792083299144,-0.7187499999999982,0.24677734623108716,7,0
60,28,49,19,56.60000976661389,60.80000461332348,4.199994846709593,-2.096354166666666,4.766449814063991,-1.7130208333333323,5.971203315972072,4.766449814063991,7.161290814527472,0.38333333333333375,2.3948410004634813,19,3
61,30,46,15,57.00000484037118,60.20000726913755,3.2000024287663678,-4.324479166666666,6.572708923339814,-2.6953125,5.431195157984065,5.431195157984065,7.754108029032288,1.6291666666666664,2.3229128710482234,15,2
62,30,49,20,57.00000484037118,60.80000461332348,3.7999997729522974,4.971354166666666,6.441133665112824,5.234895833333331,5.560770242917864,5.560770242917864,9.28366458291355,0.263541666666665,3.722894339995686,20,0
63,31,34,4,57.200008987999894,57.800000451408096,0.5999914634082018,-7.486979166666666,5.9391289217025065,-7.415104166666666,7.329669217914974,5.9391289217025065,7.329669217914974,0.07187500000000036,1.3905402962124676,4,0
64,31,53,22,57.200008987999894,61.60000828729267,4.399999299292773,-7.103645833333333,5.871131595295256,-7.774479166666666,6.020624535027783,5.871131595295256,9.283102311396728,-0.6708333333333325,3.4119707161014725,22,1
65,31,51,20,57.200008987999894,61.200004883927825,3.999995895927931,-6.384895833333333,5.468673867757765,-5.905729166666666,6.794390304902614,5.468673867757765,8.824228333155368,0.47916666666666696,3.355554465397603,20,1
66,31,43,13,57.200008987999894,59.600000367609375,2.3999913796094816,-1.7609375000000007,6.161101356653718,-1.138020833333334,7.769358383065383,6.161101356653718,7.769358383065383,0.6229166666666668,1.6082570264116658,13,0
67,32,33,2,57.40000529086307,57.600005655725376,0.200000364862305,9.092187499999998,4.5251392925071885,9.11614583333333,4.617269474454708,4.5251392925071885,4.617269474454708,0.02395833333333286,0.09213018194751932,2,0
68,33,54,22,57.600005655725376,61.80000092799921,4.199995272273831,-0.5390625,6.325326826622382,-0.5869791666666657,6.1069712530955,6.0176775965143,9.219128359972228,-0.04791666666666572,3.2014507634579275,22,0
69,34,47,14,57.800000451408096,60.40000338310739,2.6000029316992936,2.791145833333333,6.200372895415434,2.7432291666666657,5.533977505719583,5.533977505719583,7.203210371081038,-0.047916666666667496,1.6692328653614554,14,0
70,34,44,11,57.800000451408096,59.80000565648052,2.0000052050724264,7.678645833333331,5.582240878297539,7.7265625,5.060389203214248,5.060389203214248,6.157434628965425,0.04791666666666927,1.097045425751177,11,0
71,36,38,2,58.20000612703357,58.600003375288146,0.3999972482545786,-7.8703125,5.370385563294238,-8.6609375,5.0998074703497895,5.0998074703497895,5.370385563294238,-0.7906249999999995,0.2705780929444481,2,1
72,39,53,15,58.80000126996959,61.60000828729267,2.8000070173230753,-8.636979166666666,5.599563203473071,-7.031770833333333,6.436781841069535,5.599563203473071,6.737541300526357,1.6052083333333336,1.1379780970532858,15,0
73,40,48,7,59.00000578837095,60.60000608762112,1.6000002992501692,-4.755729166666666,6.97970236516041,-4.156770833333333,4.866528475216213,4.866528475216213,6.97970236516041,0.598958333333333,2.113173889944197,7,2
74,40,42,3,59.00000578837095,59.40000444574328,0.3999986573723291,-0.3234375000000007,6.583674159556616,-0.15572916666666714,6.86295184900028,6.583674159556616,6.86295184900028,0.16770833333333357,0.2792776894436635,3,0
75,40,65,24,59.00000578837095,64.00000715181106,5.000001363440113,0.8265624999999996,5.335239843167253,2.096354166666666,5.292207314109665,5.2187658012087415,6.951763629814611,1.2697916666666664,1.7329978286058694,24,2
76,40,42,2,59.00000578837095,59.40000444574328,0.3999986573723291,9.044270833333332,5.5331515363261286,8.517187499999999,5.545513430177323,5.5331515363261286,5.545513430177323,-0.5270833333333336,0.012361893851194239,2,1
77,41,49,9,59.20000719864033,60.80000461332348,1.599997414683152,4.564062499999999,8.187484256216614,3.2463541666666664,6.049126730509895,5.912573283394885,8.187484256216614,-1.3177083333333321,2.2749109728217283,9,0
78,42,56,15,59.40000444574328,62.200005428603774,2.800000982860496,-5.2828124999999995,6.575415263268073,-5.378645833333332,6.288584147060536,6.288584147060536,8.155240528288031,-0.09583333333333233,1.8666563812274948,15,0
79,42,48,5,59.40000444574328,60.60000608762112,1.20000164187784,3.893229166666666,5.8408126385327455,4.683854166666666,5.545308607591475,5.242223393424369,5.8408126385327455,0.7906250000000004,0.5985892451083767,5,2
80,42,50,9,59.40000444574328,61.00000446684538,1.6000000211021046,7.271354166666665,5.295857971629409,7.534895833333334,5.418183257890076,5.295857971629409,5.66107628827834,0.26354166666666856,0.36521831664893156,9,0
81,44,50,7,59.80000565648052,61.00000446684538,1.1999988103648604,-3.3901041666666663,6.298245120536818,-3.2703124999999993,6.0669825906389425,6.0669825906389425,6.508592110022902,0.11979166666666696,0.44160951938395954,7,0
82,44,48,4,59.80000565648052,60.60000608762112,0.8000004311405959,3.078645833333333,6.114652468688827,3.2463541666666664,5.663960811708108,5.260896200319448,6.114652468688827,0.16770833333333357,0.8537562683693789,4,1
83,44,81,38,59.80000565648052,67.200008620797,7.400002964316485,5.905729166666667,6.328089458497182,5.450520833333334,5.341200437290939,5.341200437290939,8.149404574112175,-0.4552083333333332,2.808204136821236,38,0
84,46,64,17,60.20000726913755,63.80000255676809,3.5999952876305414,2.0484375000000004,5.538980018812165,2.9109374999999993,4.868411646718755,4.868411646718755,7.1496023519935,0.8624999999999989,2.281190705274745,17,2
85,47,55,8,60.40000338310739,62.00000686599915,1.6000034828917578,-2.6953125,5.698668209622884,-2.7432291666666666,5.575073351536931,5.529223849452326,6.033627431581896,-0.04791666666666661,0.5044035821295694,8,1
86,47,65,19,60.40000338310739,64.00000715181106,3.6000037687036723,0.15572916666666714,6.483692139117872,0.2755208333333332,5.209213719327483,5.209213719327483,7.20097768447716,0.11979166666666607,1.9917639651496772,19,0
87,48,50,3,60.60000608762112,61.00000446684538,0.3999983792242645,6.2890625,5.246476035896302,6.408854166666666,5.710514489445526,5.246476035896302,5.710514489445526,0.11979166666666607,0.46403845354922346,3,0
88,49,59,11,60.80000461332348,62.80000116481511,1.999996551491627,-7.534895833333333,5.229100603092677,-7.199479166666666,6.911326947306501,5.151831663137777,7.256569047481424,0.33541666666666625,2.1047373843436468,11,0
89,49,64,16,60.80000461332348,63.80000255676809,2.999997943444612,-4.2046874999999995,5.422215971238662,-4.396354166666666,5.461558453117257,5.422215971238662,7.297348193137819,-0.19166666666666643,1.8751322218991566,16,0
90,49,59,11,60.80000461332348,62.80000116481511,1.999996551491627,3.677604166666667,6.218953256865754,3.9171875000000007,5.141255898950833,5.141255898950833,6.576083949512549,0.23958333333333393,1.4348280505617161,11,0
91,49,49,1,60.80000461332348,60.80000461332348,0.0,8.565104166666668,4.756708543727726,8.565104166666668,4.756708543727726,4.756708543727726,4.756708543727726,0.0,0.0,1,0
92,50,73,22,61.00000446684538,65.60000605723671,4.600001590391329,-1.6890625000000012,6.611308914762185,-0.5869791666666657,7.119337275363473,6.611308914762185,9.560371875162852,1.1020833333333355,2.949062960400667,22,2
93,50,59,7,61.00000446684538,62.80000116481511,1.7999966979697248,3.294270833333332,6.3738697911459195,2.9109374999999993,6.345447541400945,6.345447541400945,6.869917211066673,-0.38333333333333286,0.524469669665728,7,3
94,51,82,32,61.200004883927825,67.40000149122987,6.199996607302047,-6.384895833333333,7.20109925878015,-5.618229166666666,5.111840164843989,5.111840164843989,11.48806776233743,0.7666666666666675,6.376227597493441,32,0
95,51,65,15,61.200004883927825,64.00000715181106,2.8000022678832366,7.582812499999999,5.736239863538007,7.391145833333333,5.342849238521321,5.342849238521321,6.167035036542216,-0.19166666666666643,0.8241857980208946,15,0
96,52,62,11,61.40000750290469,63.40000375762947,1.9999962547247776,0.8265624999999996,6.693884814193385,0.9463541666666657,6.543104608221392,6.424263395796215,7.239156536620089,0.11979166666666607,0.814893140823874,11,0
97,54,66,11,61.80000092799921,64.20000379738909,2.40000286938988,-7.534895833333333,5.826662648431789,-8.6609375,5.465967587172193,5.465967587172193,6.317697480458253,-1.1260416666666666,0.85172989328606,11,2
98,54,89,36,61.80000092799921,68.80000386691285,7.000002938913639,-7.007812499999999,6.666910452289852,-6.9359375,6.318797556824871,6.318797556824871,9.929241734382767,0.07187499999999947,3.6104441775578966,36,0
99,54,63,10,61.80000092799921,63.60000776487645,1.8000068368772446,4.947395833333333,5.937559610567253,4.923437499999997,4.716069703230333,4.716069703230333,6.024073159025021,-0.023958333333336412,1.3080034557946885,10,0
100,56,82,27,62.200005428603774,67.40000149122987,5.199996062626099,-2.815104166666666,5.839905936436452,-2.311979166666667,6.179097684901956,5.839905936436452,9.04973823418725,0.5031249999999989,3.2098322977507987,27,0
101,57,81,25,62.40000677798126,67.200008620797,4.800001842815746,-8.541145833333333,4.599893468357129,-7.606770833333333,6.570479936328227,4.599893468357129,7.886302441713664,0.9343750000000002,3.2864089733565347,25,0
102,57,81,25,62.40000677798126,67.200008620797,4.800001842815746,4.444270833333334,5.64352144917653,4.276562500000001,4.905458737603399,4.905458737603399,7.325810423393861,-0.16770833333333357,2.420351685790462,25,0
103,57,64,8,62.40000677798126,63.80000255676809,1.3999957787868311,5.306770833333335,5.929918536625115,5.953645833333333,5.5390140137014905,5.5390140137014905,6.315806523478898,0.6468749999999979,0.7767925097774073,8,0
104,63,82,19,63.60000776487645,67.40000149122987,3.7999937263534207,0.9223958333333329,6.79890277406506,0.01197916666666643,5.281403954883737,5.0957900174849975,7.214751527920321,-0.9104166666666664,2.118961510435324,19,1
105,64,82,19,63.80000255676809,67.40000149122987,3.59999893446178,-7.271354166666666,7.018641305703968,-7.223437499999999,7.07585522132487,7.018641305703968,8.889117873538241,0.04791666666666661,1.8704765678342739,19,0
106,64,94,29,63.80000255676809,69.80000549388478,6.00000293711669,5.426562499999999,6.010099051751875,3.9171875000000007,5.724486035817004,5.486406800766648,7.123430090582672,-1.5093749999999986,1.6370232898160237,29,2
107,65,76,12,64.00000715181106,66.20000131394308,2.1999941621320147,-0.3234375000000007,5.42232959943057,0.20364583333333286,7.199686665490753,5.42232959943057,7.396612581306378,0.5270833333333336,1.9742829818758088,12,0
108,65,99,29,64.00000715181106,70.80000168248189,6.79999453067083,2.9109374999999993,5.09556263752658,4.084895833333334,5.732339027328738,5.09556263752658,7.365053059637428,1.173958333333335,2.269490422110848,29,6
109,66,73,7,64.20000379738909,65.60000605723671,1.400002259847625,-5.5703125,7.192930884684783,-4.9234374999999995,7.092532381707978,7.092532381707978,7.789905971349544,0.6468750000000005,0.6973735896415656,7,1
110,66,84,19,64.20000379738909,67.80000767168542,3.600003874296334,2.000520833333333,5.499703356451944,3.318229166666667,6.2771143308910275,5.499703356451944,6.809428181718832,1.317708333333334,1.3097248252668878,19,0
111,66,66,1,64.20000379738909,64.20000379738909,0.0,8.780729166666664,4.665490666072403,8.780729166666664,4.665490666072403,4.665490666072403,4.665490666072403,0.0,0.0,1,0
112,69,82,14,64.80000413236696,67.40000149122987,2.5999973588629075,0.3953124999999993,6.286710640200186,0.8744791666666671,7.1861069687929975,6.286710640200186,8.46557151165724,0.47916666666666785,2.1788608714570534,14,0
113,71,79,9,65.20000824033862,66.80000211063978,1.5999938703011622,-3.6057291666666664,6.736928049500448,-3.3421874999999996,5.536699427440635,5.536699427440635,6.736928049500448,0.2635416666666668,1.2002286220598126,9,0
114,71,100,30,65.20000824033862,71.00000123425464,5.799992993916021,-1.2578124999999991,8.618900323878838,-0.5869791666666657,5.315382580459347,5.315382580459347,10.003739892977533,0.6708333333333334,4.688357312518186,30,0
115,72,81,10,65.40000551518928,67.200008620797,1.800003105607729,3.6057291666666664,6.477555345783493,3.5817708333333336,5.786712862199737,5.786712862199737,6.813752754172813,-0.02395833333333286,1.027039891973076,10,0
116,72,85,14,65.40000551518928,68.00000161934183,2.5999961041525523,8.4453125,5.840602887925317,8.157812499999999,5.273038361524152,5.273038361524152,6.902583352335469,-0.2875000000000014,1.6295449908113175,14,0
117,74,88,15,65.80000081838418,68.60000610372714,2.8000052853429622,-6.097395833333333,6.77648988507289,-6.480729166666666,7.286703257257344,6.77648988507289,8.179983015841097,-0.38333333333333375,1.403493130768207,15,0
118,74,112,37,65.80000081838418,73.40000065790635,7.5999998395221695,1.5692708333333325,5.598574301173594,1.9286458333333325,5.559297475913362,5.559297475913362,9.174604370147428,0.359375,3.615306894234066,37,2
119,75,82,8,66.00000185150432,67.40000149122987,1.39999963972555,6.480729166666666,6.430965586439861,6.528645833333332,4.305302139423786,4.305302139423786,6.430965586439861,0.04791666666666572,2.125663447016075,8,0
120,77,79,3,66.40000055921259,66.80000211063978,0.40000155142719507,-4.4203125,5.5900431310592715,-4.372395833333333,4.798164401022927,4.798164401022927,5.5900431310592715,0.04791666666666661,0.7918787300363448,3,0
121,78,95,18,66.60000208519955,70.00000076048892,3.3999986752893676,-8.541145833333333,6.022919525969688,-8.541145833333333,7.044020963707,6.022919525969688,8.72200189960539,0.0,2.6990823736357017,18,0
122,80,101,22,67.00000146617379,71.20000339035369,4.200001924179901,-3.3661458333333325,6.280191817302393,-2.431770833333333,6.17516562915232,6.17516562915232,9.19838322381298,0.9343749999999993,3.02321759466066,22,0
123,81,86,6,67.200008620797,68.20000152381407,0.9999929030170591,5.091145833333332,5.250679707728345,5.354687500000001,5.401391990257242,5.250679707728345,5.583349454002083,0.26354166666666856,0.332669746273738,6,0
124,83,100,17,67.60000380809714,71.00000123425464,3.3999974261574977,-7.415104166666666,7.386926663094418,-8.277604166666666,6.526761319246709,6.526761319246709,10.03216039143021,-0.8625000000000007,3.5053990721835016,17,1
125,83,91,9,67.60000380809714,69.2000012845447,1.5999974764475553,-0.01197916666666643,5.704993434179869,-0.08385416666666679,6.491222745241548,5.704993434179869,6.826103890832543,-0.07187500000000036,1.1211104566526737,9,0
126,84,104,21,67.80000767168542,71.80000940702838,4.000001735342963,6.193229166666665,5.009352083750734,5.785937500000001,5.2202657610142005,5.009352083750734,7.92421759015051,-0.40729166666666394,2.914865506399776,21,0
127,85,139,53,68.00000161934183,78.80000543646312,10.800003817121294,-5.833854166666666,6.697226731474067,-6.193229166666666,6.933338400772548,5.6087549931210186,11.657597748699565,-0.359375,6.048842755578547,53,2
128,85,87,3,68.00000161934183,68.40000068107898,0.39999906173714805,3.294270833333332,6.5569569222967345,2.5515624999999993,6.384717797890477,6.384717797890477,6.7543757334928385,-0.7427083333333329,0.36965793560236104,3,0
129,86,100,14,68.20000152381407,71.00000123425464,2.7999997104405736,-1.9526041666666663,7.2038497449209,-2.1921874999999993,5.615159572213526,5.615159572213526,7.3227447021622245,-0.23958333333333304,1.7075851299486988,14,1
130,87,100,14,68.40000068107898,71.00000123425464,2.6000005531756614,2.096354166666666,6.962584341777308,2.000520833333333,6.755848811132764,6.755848811132764,8.265302597024245,-0.09583333333333321,1.5094537858914814,14,0
131,87,96,9,68.40000068107898,70.20000408983593,1.8000034087569503,3.2703124999999993,6.876292228700914,3.1265625000000004,5.6848916962188305,5.6848916962188305,6.9220061863981,-0.14374999999999893,1.2371144901792697,9,1
132,88,98,11,68.60000610372714,70.60000670092892,2.000000597201776,-4.588020833333333,7.518041627520016,-4.4921875,4.50108590227613,4.50108590227613,7.518041627520016,0.09583333333333321,3.0169557252438857,11,0
133,88,102,15,68.60000610372714,71.40000416113055,2.799998057403414,7.055729166666666,5.449233378194831,6.576562499999998,4.797595944811099,4.685783370871107,6.430381168034577,-0.47916666666666785,1.74459779716347,15,0
134,89,111,23,68.80000386691285,73.20000393491154,4.40000006799869,-6.480729166666666,7.881451398599497,-6.2171875,5.875730179594115,5.875730179594115,10.28143993416903,0.2635416666666668,4.405709754574916,23,0
135,89,118,30,68.80000386691285,74.6000052492124,5.8000013822995555,-1.377604166666667,7.21333501323968,-0.7307291666666664,6.463885988043183,6.311488918212849,7.690002308054081,0.6468750000000005,1.378513389841232,30,0
136,90,95,6,69.00000626324758,70.00000076048892,0.9999944972413317,4.396354166666665,5.688731345095725,4.180729166666666,5.812445790016472,5.688731345095725,5.842393366184409,-0.2156249999999993,0.15366202108868432,6,0
137,92,102,11,69.40000785865436,71.40000416113055,1.999996302476191,8.03802083333333,6.330288409048714,7.750520833333333,4.548022581830207,4.548022581830207,6.432097876355924,-0.28749999999999787,1.8840752945257169,11,0
138,94,102,9,69.80000549388478,71.40000416113055,1.599998667245771,8.565104166666668,6.262830121340298,8.2296875,4.6627395906042945,4.6627395906042945,6.272392371426408,-0.33541666666666714,1.6096527808221133,9,0
139,95,104,7,70.00000076048892,71.80000940702838,1.8000086465394673,-2.8390625,7.2288754072400785,-3.7015624999999996,5.783793128402077,5.651369490430604,7.2288754072400785,-0.8624999999999998,1.577505916809474,7,3
140,97,112,15,70.4000045101953,73.40000065790635,2.9999961477110446,-7.103645833333333,8.598075194428615,-6.145312499999999,6.240175785030626,5.891082578825555,8.864670762157989,0.9583333333333339,2.973588183332433,15,1
141,98,116,19,70.60000670092892,74.20000436497267,3.599997664043755,-4.084895833333333,4.849792500226493,-3.509895833333333,5.3631281447633095,4.849792500226493,6.933848257599272,0.5750000000000002,2.084055757372779,19,0
142,98,111,13,70.60000670092892,73.20000393491154,2.59999723398262,0.5630208333333329,6.143254151663435,1.0901041666666664,4.53780492769131,4.53780492769131,6.4779867215676274,0.5270833333333336,1.9401817938763175,13,1
143,98,119,22,70.60000670092892,74.80000136608761,4.199994665158698,3.078645833333333,6.674932517999329,4.228645833333333,5.301114970156421,5.248337305713685,8.80217645612554,1.1500000000000004,3.5538391504118554,22,0
144,99,151,46,70.80000168248189,81.20000470514425,10.40000302266236,-8.349479166666667,5.832792882040365,-8.708854166666667,6.780562431493187,5.181549834321396,8.119361443950103,-0.359375,2.9378116096287066,46,7
145,99,117,19,70.80000168248189,74.40000189281346,3.6000002103315722,2.4796875000000007,6.832198343025844,2.311979166666667,6.024483523286848,6.006546772322641,9.31309795782271,-0.16770833333333357,3.30655118550007,19,0
146,99,105,7,70.80000168248189,72.00000420958175,1.2000025270998549,4.564062499999999,6.68650981465922,4.755729166666665,6.03159464482843,6.03159464482843,6.761564835588809,0.19166666666666643,0.7299701907603788,7,0
147,101,125,25,71.20000339035369,76.00000487644125,4.800001486087567,-8.061979166666665,7.2044374441803045,-7.630729166666666,6.495858317020435,6.495858317020435,11.634656100642044,0.43124999999999947,5.138797783621609,25,0
148,101,107,7,71.20000339035369,72.40000049348012,1.1999971031264351,5.043229166666666,6.5711635772334365,5.115104166666665,4.5564429846267345,4.5564429846267345,6.5711635772334365,0.07187499999999858,2.014720592606702,7,0
149,102,142,41,71.40000416113055,79.40000191784144,7.999997756710883,-2.455729166666666,6.77619052877547,-2.216145833333334,7.019884818427225,6.77619052877547,9.88094022597764,0.23958333333333215,3.1047496972021706,41,0
150,103,111,9,71.60000790516978,73.20000393491154,1.5999960297417601,6.624479166666667,5.126485629864002,4.923437499999997,5.41973685711126,5.126485629864002,5.751616933846163,-1.7010416666666703,0.6251313039821618,9,0
151,105,118,13,72.00000420958175,74.6000052492124,2.600001039630655,-4.084895833333333,7.016559717548683,-4.5640624999999995,5.4989694781009755,5.316178897493342,7.401244972585959,-0.4791666666666661,2.085066075092617,13,1
152,106,113,8,72.20000740538714,73.60000332354865,1.3999959181615083,-7.247395833333333,6.778040062300954,-7.247395833333333,6.799587517873734,6.778040062300954,7.372212895407987,0.0,0.5941728331070335,8,0
153,106,117,12,72.20000740538714,74.40000189281346,2.1999944874263235,2.815104166666666,8.606961192312683,2.815104166666666,5.907736147625342,5.907736147625342,8.631214620061153,0.0,2.7234784724358105,12,0
154,109,119,11,72.80000571030294,74.80000136608761,1.999995655784673,-1.377604166666667,6.606493604071824,-1.1859374999999996,7.481076748588223,6.606493604071824,7.852612570771624,0.19166666666666732,1.2461189666998003,11,0
155,110,128,19,73.00000579317431,76.60000420656687,3.599998413392555,7.391145833333333,5.302235644147755,8.157812499999999,5.4252588456527375,5.302235644147755,7.734003344621717,0.7666666666666657,2.431767700473962,19,0
156,110,111,2,73.00000579317431,73.20000393491154,0.1999981417372254,8.75677083333333,4.614903642672689,8.75677083333333,4.676440840424697,4.614903642672689,4.676440840424697,0.0,0.061537197752008055,2,0
157,111,128,18,73.20000393491154,76.60000420656687,3.4000002716553297,-6.624479166666666,6.773602204219894,-6.816145833333333,6.134303639262583,6.096793923088308,8.81894213302781,-0.19166666666666643,2.722148209939503,18,0
158,111,127,17,73.20000393491154,76.40000141268119,3.1999974777696565,6.001562499999999,6.007629635929127,6.001562499999999,4.501524448973854,4.501524448973854,7.396800582985561,0.0,2.8952761340117066,17,0
159,112,138,25,73.40000065790635,78.60000289336439,5.200002235458044,1.5453124999999996,5.448790877076618,1.1619791666666668,5.277974556406274,5.277974556406274,8.306757695673314,-0.38333333333333286,3.0287831392670395,25,2
160,112,125,14,73.40000065790635,76.00000487644125,2.600004218534906,4.923437499999997,5.876117160151306,4.899479166666664,5.966404812457305,5.876117160151306,7.223304515350028,-0.02395833333333286,1.347187355198722,14,0
161,113,123,11,73.60000332354865,75.60000182732283,1.9999985037741794,-6.0734375,6.726745560502148,-6.0734375,7.258747628014298,6.726745560502148,7.912202634116665,0.0,1.1854570736145167,11,0
162,113,115,3,73.60000332354865,74.00000083951481,0.39999751596616306,-3.1026041666666666,4.875297924443924,-3.078645833333333,5.240656915045838,4.875297924443924,5.240656915045838,0.023958333333333748,0.3653589906019139,3,0
163,115,120,6,74.00000083951481,75.00000001229078,0.9999991727759721,-2.5515624999999993,7.139855342345775,-2.4796875,5.411662564289155,5.411662564289155,7.139855342345775,0.07187499999999947,1.72819277805662,6,0
164,117,132,16,74.40000189281346,77.4000018376647,2.9999999448512398,3.3421874999999996,5.871657914560493,3.2703124999999993,8.088485266583726,5.871657914560493,8.963849406702243,-0.07187500000000036,3.09219149214175,16,0
165,119,138,19,74.80000136608761,78.60000289336439,3.800001527276777,-4.683854166666666,6.201670925591954,-4.731770833333333,6.764288217720259,6.201670925591954,9.276997818088866,-0.04791666666666661,3.0753268924969115,19,1
166,119,141,23,74.80000136608761,79.20000370688575,4.400002340798139,1.2817708333333329,6.369846017913551,-0.20364583333333286,5.277232002081685,5.277232002081685,9.596500684369015,-1.4854166666666657,4.319268682287331,23,0
167,120,131,12,75.00000001229078,77.20000864823133,2.2000086359405486,-7.2953125,8.331552632406792,-6.7921875,6.980034304630693,6.859486297784382,8.345453681134627,0.5031249999999998,1.4859673833502454,12,0
168,120,120,1,75.00000001229078,75.00000001229078,0.0,-2.8869791666666664,5.668298554936907,-2.8869791666666664,5.668298554936907,5.668298554936907,5.668298554936907,0.0,0.0,1,0
169,120,130,11,75.00000001229078,77.0000080931279,2.0000080808371195,-1.2338541666666663,7.702581830555078,-1.4973958333333321,7.261717965009749,7.261717965009749,8.034481198950251,-0.2635416666666659,0.772763233940502,11,0
170,120,120,1,75.00000001229078,75.00000001229078,0.0,2.455729166666666,6.328075488386491,2.455729166666666,6.328075488386491,6.328075488386491,6.328075488386491,0.0,0.0,1,0
171,122,126,5,75.40000656653437,76.20000405636699,0.7999974898326201,5.761979166666668,6.138011402983556,5.690104166666664,4.76948091240524,4.76948091240524,6.138011402983556,-0.07187500000000391,1.3685304905783164,5,0
172,123,173,50,75.60000182732283,85.60000179402772,9.999999966704891,4.372395833333332,6.214266382012147,3.2223958333333336,5.969709568233192,5.039325591982391,8.854541773726082,-1.1499999999999986,3.8152161817436907,50,1
173,127,138,12,76.40000141268119,78.60000289336439,2.2000014806831985,-6.289062499999999,7.364679936869759,-6.624479166666666,6.71297429692572,6.71297429692572,7.924984112231296,-0.33541666666666714,1.212009815305576,12,0
174,127,138,12,76.40000141268119,78.60000289336439,2.2000014806831985,-3.509895833333333,8.515735413166357,-3.2463541666666664,5.461634108268778,5.461634108268778,8.642260950620045,0.2635416666666668,3.180626842351267,12,0
175,127,130,4,76.40000141268119,77.0000080931279,0.600006680446711,4.1328125,7.5236872372088035,4.1328125,7.888072725132554,7.5236872372088035,7.888072725132554,0.0,0.3643854879237507,4,0
176,128,137,9,76.60000420656687,78.4000001271597,1.7999959205928349,-4.2046874999999995,8.466696147860786,-4.731770833333333,6.334378571669538,6.334378571669538,8.466696147860786,-0.5270833333333336,2.132317576191247,9,1
177,129,163,35,76.80000439828508,83.60000071591112,6.799996317626039,-6.7921875,6.452266502001753,-8.061979166666665,6.390777082716276,5.995296499765405,8.080945014017852,-1.2697916666666655,2.085648514252447,35,0
178,129,135,7,76.80000439828508,78.00000520182067,1.2000008035355876,5.881770833333334,5.580927086885537,5.9296875,7.6700609284000665,5.580927086885537,7.6700609284000665,0.04791666666666572,2.0891338415145295,7,0
179,129,144,16,76.80000439828508,79.8000075215326,3.0000031232475237,8.469270833333333,5.976836274310654,8.325520833333332,4.9592077006363775,4.9592077006363775,7.511034047108908,-0.1437500000000007,2.551826346472531,16,0
180,131,145,15,77.20000864823133,80.00000100778011,2.7999923595487815,-1.4973958333333321,7.730306069042319,-0.6348958333333332,5.631531826797033,5.631531826797033,8.85241437531627,0.8624999999999989,3.2208825485192367,15,0
181,132,149,16,77.4000018376647,80.80000514840592,3.400003310741212,-7.486979166666666,6.316123716422276,-7.966145833333333,6.256352973163591,6.256352973163591,8.181088785849916,-0.47916666666666696,1.9247358126863245,16,2
182,132,136,5,77.4000018376647,78.20000033874166,0.7999985010769564,-6.744270833333333,7.203120715104857,-7.6546875,6.503508810328191,6.503508810328191,7.425109257669442,-0.9104166666666664,0.9216004473412509,5,0
183,136,147,12,78.20000033874166,80.40000690923348,2.200006570491823,4.444270833333334,6.720745737615264,3.9890624999999993,5.734228497199451,5.734228497199451,7.075521097356063,-0.455208333333335,1.3412926001566117,12,0
184,136,146,11,78.20000033874166,80.2000073205707,2.0000069818290456,7.055729166666666,7.776474925621801,6.696354166666664,5.270680871555572,5.270680871555572,7.8329992870257446,-0.3593750000000018,2.5623184154701724,11,0
185,137,149,13,78.4000001271597,80.80000514840592,2.4000050212462156,2.311979166666667,5.946280353094253,1.736979166666666,5.263779930394919,5.260566278487101,6.649998864196134,-0.5750000000000011,1.3894325857090335,13,0
186,137,147,11,78.4000001271597,80.40000690923348,2.0000067820737826,3.9411458333333336,6.562474921190369,4.468229166666667,5.514963098492659,5.4850236214130454,6.562474921190369,0.5270833333333336,1.0774512997773238,11,0
187,139,163,24,78.80000543646312,83.60000071591112,4.799995279447998,-6.648437499999999,7.499941583134192,-6.504687499999999,6.184231832823319,6.184231832823319,10.978784162954986,0.14374999999999982,4.794552330131666,24,1
188,139,151,11,78.80000543646312,81.20000470514425,2.3999992686811282,-5.6421874999999995,7.1523341735870165,-5.5223958333333325,7.030969111500628,7.030969111500628,8.373958281016908,0.11979166666666696,1.3429891695162794,11,2
189,139,150,12,78.80000543646312,81.00000483404342,2.1999993975802994,-4.755729166666666,7.105609446629477,-4.348437499999999,5.81554488221673,5.81554488221673,7.666462331120597,0.4072916666666666,1.850917448903867,12,0
190,139,149,11,78.80000543646312,80.80000514840592,1.9999997119427917,1.138020833333334,5.6095131716836,0.7067708333333336,5.580908001523198,5.386538044250027,6.248931369480335,-0.43125000000000036,0.8623933252303084,11,0
191,140,152,13,79.00000053138778,81.40000225024457,2.4000017188567853,-2.791145833333333,6.704271103862713,-3.174479166666666,7.67438128395432,6.704271103862713,8.533018764810056,-0.38333333333333286,1.828747660947342,13,0
192,141,148,8,79.20000370688575,80.60000653334876,1.4000028264630089,7.702604166666667,6.984200825036189,8.780729166666664,4.563570116740731,4.563570116740731,6.984200825036189,1.0781249999999964,2.420630708295458,8,0
193,142,143,2,79.40000191784144,79.60000561398789,0.20000369614645308,-5.426562499999999,5.850350322003994,-5.5223958333333325,5.8563392995923715,5.850350322003994,5.8563392995923715,-0.09583333333333321,0.005988977588377686,2,0
194,142,151,10,79.40000191784144,81.20000470514425,1.800002787302816,-3.5578125,5.773727261856939,-3.893229166666666,6.872602597420074,5.773727261856939,7.2154939650324765,-0.33541666666666625,1.4417667031755377,10,0
195,145,148,4,80.00000100778011,80.60000653334876,0.6000055255686476,-1.4973958333333321,7.3463354857700764,-1.4494791666666664,6.366178147779161,6.366178147779161,7.3463354857700764,0.04791666666666572,0.9801573379909154,4,0
196,146,146,1,80.2000073205707,80.2000073205707,0.0,-7.726562499999999,5.529871450186474,-7.726562499999999,5.529871450186474,5.529871450186474,5.529871450186474,0.0,0.0,1,0
197,146,162,17,80.2000073205707,83.40000741401668,3.200000093445979,-0.7067708333333336,6.11433539151605,-0.9703125000000004,5.554538805211434,5.554538805211434,7.2012616429028435,-0.2635416666666668,1.6467228376914091,17,0
198,146,147,2,80.2000073205707,80.40000690923348,0.19999958866277723,4.875520833333335,5.142167394873051,4.851562500000002,4.747986222870046,4.747986222870046,5.142167394873051,-0.02395833333333286,0.3941811720030053,2,0
199,147,149,3,80.40000690923348,80.80000514840592,0.39999823917243305,-1.8088541666666664,6.317689167279301,-1.7848958333333336,5.441249165500959,5.441249165500959,6.317689167279301,0.02395833333333286,0.8764400017783425,3,0
200,147,165,19,80.40000690923348,84.00000562839347,3.5999987191599843,5.9296875,5.586078378125378,5.4984375,4.37244242525938,4.37244242525938,8.10868725729601,-0.43125000000000036,3.73624483203663,19,0
201,148,167,19,80.60000653334876,84.40000046045651,3.7999939271077494,-5.5703125,5.74589762901667,-5.738020833333333,5.032636502716962,5.032636502716962,8.909130056966813,-0.16770833333333268,3.8764935542498504,19,1
202,148,173,26,80.60000653334876,85.60000179402772,4.999995260678958,-2.3359375,5.820256665080135,-3.0546875,6.525084096100641,5.820256665080135,9.988892256986835,-0.71875,4.168635591906701,26,0
203,148,152,5,80.60000653334876,81.40000225024457,0.7999957168958076,-0.15572916666666714,6.116576592320099,-0.08385416666666679,5.815425951504474,5.815425951504474,6.116576592320099,0.07187500000000036,0.30115064081562526,5,0
204,148,155,8,80.60000653334876,82.00000194243319,1.3999954090844255,3.9411458333333336,6.010487495269498,4.300520833333334,6.0958814279786155,6.010487495269498,6.364472109086328,0.359375,0.3539846138168299,8,0
205,148,171,24,80.60000653334876,85.2000014141654,4.599994880816638,7.798437499999999,6.145867478174154,8.9484375,5.1393504764767854,5.1393504764767854,7.728487839902136,1.1500000000000021,2.5891373634253503,24,0
206,150,162,13,81.00000483404342,83.40000741401668,2.400002579973261,0.6588541666666661,5.9028242802187245,1.5213541666666668,4.854134595832341,4.854134595832341,6.8372944290408935,0.8625000000000007,1.9831598332085525,13,0
207,150,161,12,81.00000483404342,83.20000652527408,2.2000016912306535,1.6890625000000004,5.651910256605787,1.7848958333333336,5.25324061216643,5.25324061216643,6.511745745773434,0.09583333333333321,1.2585051336070032,12,0
208,151,168,18,81.20000470514425,84.60000622461591,3.400001519471658,-4.372395833333333,6.316512596224855,-3.869270833333333,6.263568558700349,6.263568558700349,8.398071276990315,0.5031249999999998,2.1345027182899656,18,0
209,151,168,16,81.20000470514425,84.60000622461591,3.400001519471658,3.4859375000000004,5.480235065947135,2.3359375,5.410362967441423,5.302833391931271,6.218748700457374,-1.1500000000000004,0.9159153085261025,16,2
210,152,174,21,81.40000225024457,85.80000679838138,4.400004548136806,-8.613020833333332,7.081375174182959,-8.780729166666665,6.715908759908772,6.667651755902964,7.836907134591165,-0.16770833333333357,1.1692553786882005,21,2
211,152,166,13,81.40000225024457,84.20000484430571,2.800002594061141,-5.474479166666666,7.452350163957134,-4.947395833333333,6.070842921466418,6.070842921466418,8.340504788137086,0.5270833333333327,2.269661866670668,13,2
212,152,152,1,81.40000225024457,81.40000225024457,0.0,9.140104166666664,6.727378500611437,9.140104166666664,6.727378500611437,6.727378500611437,6.727378500611437,0.0,0.0,1,0
213,155,180,23,82.00000194243319,87.00000763045084,5.0000056880176516,0.6588541666666661,6.877544367806973,0.7786458333333339,5.544933445276499,4.720877101054418,6.877544367806973,0.11979166666666785,2.156667266752555,23,3
214,156,180,23,82.20000288681679,87.00000763045084,4.800004743634048,-3.5817708333333336,6.549913495799097,-3.797395833333333,8.606553203644395,6.310853547498182,8.742417872476084,-0.2156249999999993,2.431564324977902,23,2
215,156,168,13,82.20000288681679,84.60000622461591,2.40000333779912,4.276562500000001,6.363695565927283,4.156770833333333,5.304875733056632,5.304875733056632,6.841475771072389,-0.11979166666666785,1.5366000380157567,13,0
216,156,165,10,82.20000288681679,84.00000562839347,1.8000027415766766,5.019270833333334,7.12187676409736,5.067187499999999,5.0708879166131515,5.0708879166131515,7.16010178322209,0.04791666666666572,2.0892138666089384,10,0
217,157,170,14,82.40000165965778,85.00000508377225,2.600003424114476,-1.7848958333333336,6.392061443620285,-1.4973958333333321,6.258003830924183,6.258003830924183,7.992767246633841,0.2875000000000014,1.7347634157096579,14,0
218,158,175,18,82.60000185944376,86.0000073854427,3.4000055259989352,-7.4390624999999995,6.739121491153953,-7.103645833333333,5.434345254006237,5.434345254006237,9.000301534974934,0.33541666666666625,3.565956280968697,18,0
219,158,165,6,82.60000185944376,84.00000562839347,1.400003768949702,6.384895833333333,7.457178898609741,6.265104166666667,4.695968895119147,4.695968895119147,7.457178898609741,-0.11979166666666607,2.7612100034905938,6,2
220,159,161,3,82.80000215235499,83.20000652527408,0.40000437291908497,9.11614583333333,8.17532346155674,9.11614583333333,7.898184438467546,7.898184438467546,8.17532346155674,0.0,0.2771390230891937,3,0
221,160,169,8,83.00000244785308,84.80000344317493,1.8000009953218523,-4.971354166666666,6.979181217514515,-5.618229166666666,5.071344532168786,5.06543396698309,6.979181217514515,-0.6468749999999996,1.9137472505314257,8,2
222,164,180,17,83.80000205321393,87.00000763045084,3.200005577236908,-6.504687499999999,6.524573354070168,-6.672395833333333,10.053244361051995,6.524573354070168,10.053244361051995,-0.16770833333333357,3.528671006981827,17,0
223,164,180,17,83.80000205321393,87.00000763045084,3.200005577236908,0.059895833333333925,4.781943568669329,-1.1859374999999996,7.87293899393305,4.781943568669329,7.9195556576977815,-1.2458333333333336,3.137612089028453,17,0
224,165,180,16,84.00000562839347,87.00000763045084,3.0000020020573714,7.247395833333332,5.071981205164872,7.918229166666666,5.935557766565408,5.071981205164872,7.037916827897735,0.6708333333333343,1.9659356227328635,16,0
225,166,173,8,84.20000484430571,85.60000179402772,1.3999969497220093,-2.1442708333333345,8.09913418742789,-2.096354166666666,6.298685427195133,6.298685427195133,8.09913418742789,0.047916666666668384,1.8004487602327561,8,0
226,166,169,4,84.20000484430571,84.80000344317493,0.5999985988692202,4.516145833333333,6.076414697826834,5.330729166666668,5.79804496625413,5.374334320163436,6.076414697826834,0.814583333333335,0.7020803776633979,4,0
227,167,169,3,84.40000046045651,84.80000344317493,0.4000029827184193,-8.421354166666665,5.51156487986563,-8.325520833333332,5.256092306766055,5.256092306766055,5.51156487986563,0.09583333333333321,0.25547257309957505,3,0
228,167,179,13,84.40000046045651,86.80000164116139,2.4000011807048764,-4.971354166666666,6.503701544649873,-4.444270833333333,4.743575905969331,4.743575905969331,7.093159426715863,0.5270833333333327,2.349583520746531,13,0
229,169,173,5,84.80000344317493,85.60000179402772,0.799998350852789,-3.677604166666667,6.647222755461366,-4.468229166666666,6.274428584149178,6.274428584149178,7.917874391962206,-0.7906249999999995,1.6434458078130278,5,0
230,169,178,10,84.80000344317493,86.60000702300215,1.8000035798272194,2.2640624999999996,5.741995393919144,2.6953125,5.4996692834028185,5.49088317163969,6.1566504756833345,0.43125000000000036,0.6657673040436443,10,0
231,170,180,11,85.00000508377225,87.00000763045084,2.000002546678587,6.097395833333335,6.188358745030396,4.971354166666666,6.173724427389356,6.173724427389356,6.988901195127423,-1.1260416666666693,0.815176767738067,11,0
232,172,175,4,85.40000774044559,86.0000073854427,0.5999996449971121,8.9484375,5.438612200003785,9.140104166666664,5.970646186656578,5.438612200003785,5.970646186656578,0.19166666666666288,0.5320339866527926,4,0
233,173,180,8,85.60000179402772,87.00000763045084,1.4000058364231194,-8.349479166666667,7.07707711812305,-8.3734375,8.897248606802387,7.07707711812305,8.897248606802387,-0.02395833333333286,1.8201714886793372,8,0
234,173,175,3,85.60000179402772,86.0000073854427,0.40000559141498115,2.8390625000000007,5.421117083777148,3.030729166666667,5.326008733480663,5.326008733480663,5.44124579548373,0.19166666666666643,0.11523706200306716,3,0
235,173,180,8,85.60000179402772,87.00000763045084,1.4000058364231194,5.618229166666666,7.310459883360143,5.594270833333333,7.54931496216047,7.310459883360143,7.841236792593089,-0.02395833333333286,0.5307769092329462,8,0
236,174,180,7,85.80000679838138,87.00000763045084,1.2000008320694633,-2.719270833333333,6.961130406688515,-3.150520833333333,11.334234877947186,6.961130406688515,11.334234877947186,-0.43125000000000036,4.373104471258671,7,0
237,174,180,7,85.80000679838138,87.00000763045084,1.2000008320694633,-2.072395833333333,6.8003453707682,-2.3359375,8.51218367258724,6.8003453707682,8.51218367258724,-0.2635416666666668,1.7118383018190393,7,0
238,174,180,7,85.80000679838138,87.00000763045084,1.2000008320694633,4.108854166666667,6.051484846348228,3.9651041666666664,5.336186997861885,5.336186997861885,6.051484846348228,-0.1437500000000007,0.715297848486343,7,0
239,175,176,2,86.0000073854427,86.20000049582889,0.19999311038618828,-8.7328125,7.097101999498565,-8.708854166666667,7.383978398799694,7.097101999498565,7.383978398799694,0.02395833333333286,0.2868763993011285,2,0
240,177,180,4,86.40000265522914,87.00000763045084,0.6000049752216938,-5.6421874999999995,5.729031621903705,-5.785937499999999,6.67554640905288,5.729031621903705,6.67554640905288,-0.14374999999999982,0.9465147871491748,4,0
241,179,180,2,86.80000164116139,87.00000763045084,0.20000598928945124,2.6234374999999996,5.766626999906845,2.599479166666667,5.9520987883233385,5.766626999906845,5.9520987883233385,-0.02395833333333286,0.1854717884164936,2,0
242,180,180,1,87.00000763045084,87.00000763045084,0.0,8.373437499999998,5.27778919540444,8.373437499999998,5.27778919540444,5.27778919540444,5.27778919540444,0.0,0.0,1,0
